director_id,director_name
1,Haile Gerima
2,Andy Devonshire
3,Theodore Melfi
4,Christian Schwochow
5,S. Shankar
6,Dennis Dugan
7,Scott Stewart
8,Robert Luketic
9,George Nolfi
10,Steven Spielberg
11,Jeannot Szwarc
12,Joe Alves
13,Joseph Sargent
14,Daniel Espinosa
15,Antoine Fuqua
16,Toshiya Shinohara
17,Masahiko Murata
18,Hajime Kamegaki
19,Hirotsugu Kawasaki
20,Toshiyuki Tsuru
21,Tensai Okamura
22,Kemi Adetiba
23,Cedric Nicolas-Troyan
24,JJC Skillz
25,Funke Akindele
26,Alice Waddington
27,Raja Gosnell
28,Stephen Kijak
29,Lijo Jose Pellissery
30,David de Vos
31,Rahul Rawail
32,Jane Campion
33,Nagesh Kukunoor
34,Shanker Raman
35,Vidhu Vinod Chopra
36,Mark Rosman
37,Lasse Hallström
38,Ridley Scott
39,Neill Blomkamp
40,Phillip Noyce
41,Renny Harlin
42,Anthony Minghella
43,Simon Wincer
44,Spike Lee
45,Sebastián Schindel
46,Steven C. Miller
47,Richard LaGravenese
48,Martin Campbell
49,Reginald Hudlin
50,George Jackson
51,Doug McHenry
52,Eric Meza
53,Michael Martin
54,Michael Rymer
55,Andrew Lau Wai-keung
56,Alan Mak
57,Brett Weiner
58,Jim Henson
59,Gary Winick
60,Danishka Esterhazy
61,Troy Byer
62,Pang Ho-cheung
63,Tim Burton
64,David Zucker
65,Kinka Usher
66,Sergio Leone
67,Matthew O'Callaghan
68,Todd Wilderman
69,Bobby Farrelly
70,Peter Farrelly
71,Wolfgang Petersen
72,Peter Spirer
73,Michael Carney
74,Richard Linklater
75,Amy Rice
76,Randal Kleiser
77,Michael Ritchie
78,J. Lee Thompson
79,Evan Goldberg
80,Seth Rogen
81,Tom Shadyac
82,Malcolm D. Lee
83,Ramzy Bedia
84,Éric Judor
85,Sharan Koppisetty
86,Taylor Sheridan
87,Sachin Yardi
88,Saurabh Kabra
89,Partho Mitra
90,Santram Varma
91,Anil V. Kumar
92,Anurag Basu
93,Sangeeth Sivan
94,Umesh Ghadge
95,David Dhawan
96,Dibakar Banerjee
97,Apoorva Lakhia
98,Milan Luthria
99,Pawan Kripalani
100,Bhushan Patel
101,Raj Nidimoru
102,Krishna D.K.
103,Angel Kristi Williams
104,Roger Donaldson
105,Christopher Alender
106,David Oyelowo
107,Brian Andrew Mendoza
108,Drake Doremus
109,Mani Ratnam
110,Paakhi Tyrewala
111,Steve Brill
112,Ferdinando Cito Filomarino
113,Juan Carlos Medina
114,Inma Torrente
115,Julián Gaviria
116,Steven Yamamoto
117,Charles Uwagbai
118,Julián Hernández
119,Vince Marcello
120,Jonathan Teplitzky
121,Dustin Hoffman
122,Adze Ugah
123,Quoc Bao Tran
124,Bejoy Nambiar
125,Priyadarshan
126,Karthik Narain
127,Vasanth Sai
128,Karthik Subbaraj
129,Arvind Swamy
130,Rathindran R Prasad
131,Sarjun
132,Gautham Vasudev Menon
133,Kayode Kasum
134,Just Philippot
135,Kirk DeMicco
136,Brandon Jeffords
137,Rohit Shetty
138,Alejandro Doria
139,Laura Fairrie
140,Marcelo Piñeyro
141,Izu Ojukwu
142,Peter Winther
143,Susan Lacy
144,James Mangold
145,Chineze Anyaene
146,Hsu Fu-chun
147,Brian Levant
148,Rod Daniel
149,Robert Zemeckis
150,Todor Chapkanov
151,Phil Lord
152,Christopher Miller
153,John Hughes
154,Justin Baldoni
155,Joe Roth
156,Mark Helfrich
157,Christopher Nolan
158,Paul Thomas Anderson
159,Nick Castle
160,Howard Zieff
161,David Feiss
162,David Gordon Green
163,Jorge Blanco
164,Zara Hayes
165,Gary Ross
166,Clint Eastwood
167,Trey Parker
168,Kelly Fremon Craig
169,Tom Elkins
170,Tony Scott
171,Brad Furman
172,Sylvain White
173,Brad Anderson
174,Irwin Winkler
175,Garry Marshall
176,Najwa Najjar
177,Michelle Bello
178,Daniel Markowicz
179,Glen Winter
180,Ram Gopal Varma
181,Yuval Adler
182,Quentin Tarantino
183,Clay Glen
184,Augustine Frizzell
185,Rajiv Chilaka
186,Ainsley Gardiner
187,Briar Grace-Smith
188,Seyi Babatope
189,Morgan Ingari
190,Abdulaziz Alshlahei
191,Edward Drake
192,Sita Likitvanichkul
193,Jetarin Ratanaserikiat
194,Apirak Samudkitpaisan
195,Thanabodee Uawithya
196,Adirek Wattaleela
197,Sofia Coppola
198,Colin Trevorrow
199,Bill Condon
200,David Slade
201,Chris Weitz
202,Catherine Hardwicke
203,Hadrah Daeng Ratu
204,Ash Brannon
205,Chris Buck
206,Roberto De Feo
207,Paolo Strippoli
208,Semi Chellas
209,Nima Nourizadeh
210,Jericca Cleland
211,Kevin Munroe
212,Ahmed Siddiqui
213,Hallie Meyers-Shyer
214,Scott Speer
215,Barry Levinson
216,Camille Delamarre
217,Mahmood Ali-Balogun
218,Jan Holoubek
219,Christine Luby
220,Yeo Siew Hua
221,Hardik Mehta
222,Rajveer Singh Maan
223,Harpeet Singh
224,Youssef Chahine
225,Saw Teong Hin
226,Nik Amir Mustapha
227,M.S. Prem Nath
228,Rano Karno
229,Pramod Pawar
230,Naresh Saigal
231,Vinil Mathew
232,Ramsey Nouah
233,Bong Joon Ho
234,Kim Tae-hyung
235,Michael Spierig
236,Peter Spierig
237,Ernie Barbarash
238,Jay Roach
239,McG
240,Frank Marshall
241,Victor Vu
242,Joel Hopkins
243,John Stevenson
244,Mark Osborne
245,Jennifer Yuh Nelson
246,Greg Berlanti
247,Garth Davis
248,Rob Marshall
249,Martin Brest
250,Paul W.S. Anderson
251,Ivan Reitman
252,Joel Gallen
253,Claire McCarthy
254,Trevor Nunn
255,Gabriele Muccino
256,Jim Field Smith
257,Chris Koch
258,J.J. Abrams
259,Rob Minkoff
260,Lynn Shelton
261,Adam McKay
262,Anton Corbijn
263,Robin Bissell
264,David Fincher
265,John G. Avildsen
266,Alan Parker
267,Walter Hill
268,Stephen Frears
269,Bryan Bertino
270,Phil Alden Robinson
271,Florian Henckel von Donnersmarck
272,Len Wiseman
273,Måns Mårlind
274,Björn Stein
275,Patrick Tatopoulos
276,Robert O. Peters
277,Vincent Ward
278,Gregory Nava
279,Matt Thompson
280,Matt Aselton
281,Andrew Dominik
282,Anissa Bonnefont
283,Bahij Hojeij
284,Jonathan Hensleigh
285,Justin P. Lange
286,Jayme Monjardim
287,Kingsley Ogoro
288,Cristina Jacob
289,Rob Seidenglanz
290,Simon Frederick
291,Paul Weitz
292,Soudade Kaadan
293,Antoinette Jadaone
294,Marie Clements
295,David O. Russell
296,Max Jabs
297,Ricardo de Montreuil
298,Peter Chelsom
299,Francine Parker
300,Daniel Schechter
301,Mike Gunther
302,David Zeiger
303,Michael Simon
304,Joe Berlinger
305,Bruce Sinofsky
306,Bradley Parker
307,Prabhakaran
308,Manjari Makijany
309,Jay Oliva
310,Chris Appelhans
311,Michael Tiddes
312,Lara Saba
313,Bao Nhan
314,Namcito
315,Mark Raso
316,Tariq Alkazim
317,Kenneth Gyang
318,Yulene Olaizola
319,Mark Waters
320,Matthew Heineman
321,Robert Peters
322,Jonathan Clay
323,Ally Pankiw
324,Lee Kae-byeok
325,Jayan Moodley
326,Daniel Benmayor
327,Alex Díaz
328,Helena Bergström
329,Myriam Fares
330,Rae Red
331,Lance Hool
332,Nicole Conn
333,Les Mayfield
334,Ellen Seidler
335,Megan Siler
336,Roger Christian
337,Lance Young
338,Leandro Neri
339,Thom Fitzgerald
340,Don Michael Paul
341,Andrzej Bartkowiak
342,Harold Becker
343,Andrew Jenks
344,Ric Roman Waugh
345,Rob Reiner
346,Andy Tennant
347,Tade Ogidan
348,Scott Spiegel
349,Jessie Nelson
350,Theodore Witcher
351,Aurora Guerrero
352,Michael Jai White
353,James McTeigue
354,Takuya Igarashi
355,Michelle MacLaren
356,Todd Phillips
357,Dominic Sena
358,Alan Alda
359,Sydney Pollack
360,Lorene Scafaria
361,Barbra Streisand
362,Michael Winterbottom
363,Emma Tammi
364,Peter Hutchings
365,George Ratliff
366,Bo Burnham
367,David Frankel
368,Julio Quintana
369,Paween Purijitpanya
370,Pablo Faro
371,Letizia Lamartire
372,Tim Johnson
373,Vishwesh Krishnamoorthy
374,Zack Snyder
375,Amr Salama
376,Robert Rodriguez
377,David Ayer
378,Eshom Nelms
379,Ian Nelms
380,James Redford
381,Kaashvie Nair
382,J.D. Dillard
383,Nikhil Pherwani
384,Praveen Kandregula
385,Cecilia Verheyden
386,Daniel Minahan
387,Donovan Marsh
388,Brent Dawes
389,Leli Maki
390,Daniel Prochaska
391,Joe Wright
392,Matthew Vaughn
393,Aditya Kripalani
394,David Pablos
395,Alexandre Aja
396,Ramon Térmens
397,Svetlana Cvetko
398,Martin Prakkat
399,Baran bo Odar
400,Zhang Chong
401,Yılmaz Erdoğan
402,Ivan Ayr
403,Anthony Mandler
404,Stanley Menino D'Costa
405,Jennifer Brea
406,Julia von Heinz
407,Niels Arden Oplev
408,Don Argott
409,Sheena M. Joyce
410,Duncan Skiles
411,Sean McNamara
412,Vondie Curtis-Hall
413,Robert Radler
414,Dean Parisot
415,Paul Greengrass
416,Justin Kelly
417,Eric Darnell
418,Tom McGrath
419,Conrad Vernon
420,Jeff Wadlow
421,Charles Martin
422,Stella Corradi
423,Roland Emmerich
424,Kevin Macdonald
425,Ann Deborah Fishman
426,Chris Gorak
427,Peter Jackson
428,Roger Kumble
429,Jonathan Lynn
430,Courtney Hunt
431,Pierre Greco
432,Nancy Florence Savard
433,Andrew Davis
434,Kevin Smith
435,Chaitanya Tamhane
436,Johannes Roberts
437,Pedro Antonio
438,John Wells
439,Jonathan Liebesman
440,Maria Pulera
441,Santhosh Viswanath
442,Seema Pahwa
443,Ozan Açıktan
444,Meltem Bozoflu
445,Hakan Algül
446,Selçuk Aydemir
447,Birkan Pusa
448,Ömer Faruk Sorak
449,Şenol Sönmez
450,Alexis Morante
451,Burak Aksak
452,Kıvanç Baruönü
453,Kongkiat Khomsiri
454,Bedran Güzel
455,Marwan Nabil
456,Takashi Shimizu
457,Joe Penna
458,Curtis Graham
459,Gerardo Gatica
460,John Madden
461,Edward James Olmos
462,Abhinay Deo
463,Kiran Rao
464,Abbas Tyrewala
465,Ashutosh Gowariker
466,Satyajit Bhatkal
467,Anusha Rizvi
468,Mahmood Farooqui
469,Aamir Khan
470,Shashank Khaitan
471,Raj Mehta
472,Neeraj Ghaywan
473,Kayoze Irani
474,Ryan Crego
475,Cassi Simonds
476,Guillermo del Toro
477,Tony Abulu
478,Mae Czarina Cruz
479,Stefan Westerwelle
480,Ron Howard
481,Justin Benson
482,Aaron Moorhead
483,Niki Caro
484,Mark Dennis
485,Ben Foster
486,Taranveer Singh
487,TT The Artist
488,Keiichi Sato
489,Yasushi Kawamura
490,Glenn Weiss
491,Michael Civille
492,Ryuichi Hiroki
493,One9
494,Luis Valdez
495,Cheng Wei-hao
496,Pass Patthanakumjon
497,Buchi Babu Sana
498,Zhao Ji
499,Jamie Babbit
500,Park Hoon-jung
501,Dare Olaitan
502,Ben Falcone
503,Travon Free
504,Martin Desmond Roe
505,Angga Dwimas Sasongko
506,Madonne Ashwin
507,Enah Johnscott
508,Braden R. Duemmler
509,Cal Brunker
510,Steve Pink
511,Xiao Feng
512,Ricky Staub
513,Patrick Durham
514,Paul G. Volk
515,BB Sasore
516,Naseef Yusuf Izuddin
517,Appie Boudellah
518,Aram van de Rest
519,Sylvie Verheyde
520,Nick Moore
521,Alex Zamm
522,Rajkumar Hirani
523,Rajesh Mapuskar
524,James Wan
525,David Hackl
526,Takeshi Nozue
527,Subhash Kapoor
528,Ringo Lam
529,George Cukor
530,Tony Giglio
531,Hidenori Inoue
532,Shinji Aramaki
533,Masaru Matsumoto
534,John Luessenhop
535,Hanung Bramantyo
536,Pandu Adjisurya
537,Bashir El Deek
538,Roman Polański
539,Nelson McCormick
540,Mic Rodgers
541,Shawn Rech
542,Peyton Reed
543,Julian Schnabel
544,Jose Gomez
545,Jonathon Link
546,Blair Simmons
547,Justin Chadwick
548,John Hillcoat
549,Roman White
550,Mike Hodges
551,Eylem Kaftan
552,Fernando Ayllón
553,Umesh Bist
554,Massimiliano Camaiti
555,Aleksey Tsitsilin
556,Kagiso Lediga
557,Jung-ah Im
558,Takuma Sato
559,Brody Chu
560,Dimitri Logothetis
561,Li Weiran
562,Chinaza Onuzo
563,Anna Elizabeth James
564,Vitor Brandt
565,Troy Miller
566,Liam O'Donnell
567,Manny Rodriguez
568,Jay Lavender
569,Farah Nabulsi
570,Walter Taylaur
571,Chris Smith
572,Tate Taylor
573,Ladislaus Kiraly
574,Oliver Stone
575,Hemambar Jasti
576,Muharrem Gülmez
577,Dolapo Adeleke
578,Mahsun Kırmızıgül
579,Can Ulkay
580,Ketche
581,Erol Özlevi
582,Miguel Arteta
583,Tolga Örnek
584,Pablo Agüero
585,Mohammad Irfan Ramly
586,Kevin McManus
587,Matthew McManus
588,Ange Basterga
589,Nicolas Lopez
590,Gitanjali Rao
591,Halitha Shameem
592,Carlos Moreno
593,Julien Leclercq
594,Fajar Bustomi
595,Taylor Hackford
596,Amy Poehler
597,Mike Binder
598,Abir Sengupta
599,Emmett Malloy
600,Kevin Costner
601,Marco Petry
602,Andrew Duncan
603,Ken Cunningham
604,Liam Lynch
605,Jérémie Degruson
606,Ben Stassen
607,Matt Ross
608,Dani de la Orden
609,Pablo Larraín
610,John Erick Dowdle
611,Jesse Peretz
612,Ribhu Dasgupta
613,Rizki Balki
614,Shunsuke Kariyama
615,Tirumala Kishore
616,Huang Hsin-Yao
617,J Blakeson
618,Khalid Rahman
619,Tharun Bhascker Dhaassyam
620,B. V. Nandini Reddy
621,Nag Ashwin
622,Sankalp Reddy
623,Prateek Vats
624,Alex Merkin
625,Ben Simms
626,Vikram Bhatt
627,Dallas Jenkins
628,Damián Romay
629,Hamisha Daryani Ahuja
630,Hong Khaou
631,Mario Briongos
632,Vinay Bharadwaj
633,Michael Fimognari
634,Eric D. Cabello Díaz
635,Clara Martínez-Lázaro
636,Monty Tiwa
637,Ava DuVernay
638,Alain Darborg
639,Filip Zylber
640,Julien Royal
641,Brian Baugh
642,Henri Wong
643,Maïa Sandoz
644,Mostofa Sarwar Farooki
645,Joseph Hsu
646,Sam Levinson
647,Jo Sung-hee
648,Rocco Ricciardulli
649,Guo Jingming
650,Jan Belcl
651,Esteban Crespo
652,Noé González
653,Sarah Gavron
654,Martin Scorsese
655,Richard Arellano
656,Jon Favreau
657,Marco Pontecorvo
658,Gregory Plotkin
659,Lluís Quílez
660,Jude Weng
661,Simon Stone
662,Noviandra Santosa
663,Jeremy Grant
664,Jeo Baby
665,Glendyn Ivin
666,Okey Oku
667,Ángeles Reiné
668,Paul Haggis
669,Ramin Bahrani
670,Nicol Paone
671,Nick Rowland
672,RZA
673,Cooper Karl
674,Gary Fleder
675,J.A. Bayona
676,Darren Lynn Bousman
677,Lydia Dean Pilcher
678,Ginny Mohler
679,Cris D'Amato
680,Mikael Håfström
681,Simon J. Smith
682,Byeon Hee-sun
683,Peter Facinelli
684,Renuka Shahane
685,Ross Kauffman
686,Sung Do-jun
687,Charles Gozali
688,Bagus Bramanti
689,James Toback
690,Francisco D'Eufemia
691,Juliet May
692,Olivier Nakache
693,Éric Toledano
694,Prakash Jha
695,Rohan Sippy
696,Ross Venokur
697,Rohena Gera
698,Maite Ruiz De Austri
699,Jastis Arimba
700,Eric Summer
701,Éric Warin
702,Kornél Mundruczó
703,Florent Bodin
704,Sohail Khan
705,Hallvard Bræin
706,Jeff Tremaine
707,Christian Alvart
708,Robert Townsend
709,Jeff Deverett
710,Ron Krauss
711,Brian Robbins
712,Jeff Stilson
713,Sean Penn
714,Mark McQueen
715,Melanie Mayron
716,Donald Petrie
717,Tony Collingwood
718,Jennifer Beamish
719,Toby Trackman
720,Jaume Collet-Serra
721,Kim Dong-kyu
722,Shaz Bennett
723,Samar Shaikh
724,Archie Hekagery
725,Sabrina Rochelle Kalangie
726,Liao Shih-han
727,Arnon Manor
728,Timothy Ware-Hill
729,Gore Verbinski
730,Al Campbell
731,Alice Mathias
732,Maïwenn
733,Richard Weston
734,Vikramaditya Motwane
735,Prime Cruz
736,Andibachtiar Yusuf
737,Yandy Laurens
738,Cathy Garcia-Molina
739,John Mitchell
740,Jeremy Kipp Walker
741,George Clooney
742,Liu Kuang-hui
743,Kristian Mercado
744,Daan Jansen
745,Stijn Verlinde
746,Jay Grace
747,Paul Dugdale
748,James Haslam
749,Muhammad Ali
750,Thomas Toby Parkinson
751,John Putch
752,Sam Macaroni
753,George C. Wolfe
754,Yasmin Ahmad
755,Sudha Kongara
756,Vignesh Shivan
757,Vetri Maaran
758,Juan Camilo Pinzon
759,Lin Oeding
760,Naya Anindita
761,JP Habac
762,Alexx Media
763,Andrucha Waddington
764,Pedro Waddington
765,Jun Lana
766,Brad Peyton
767,Lee Daniels
768,Tom Ford
769,Vir Das
770,Miranda de Pencier
771,Farhad Safinia
772,Shaun Paul Piccinino
773,James D. Stern
774,Fernando Villena
775,Ryan Murphy
776,Girish Malik
777,Deepa Mehta
778,Theodore Boborol
779,Sydney Sibilia
780,Josiah Ng
781,Kirk Wise
782,Beth Sleven
783,Allan Jacobsen
784,Kevin Wotton
785,Su I-Hsuan
786,Chuang Shiang-an
787,Liu Yi
788,Clint Butler
789,Erik Kling
790,Kevin Peaty
791,Detlev Buck
792,Amanda Raymond
793,Jason Paul Laxamana
794,Marc Fouchard
795,Roberto Santucci
796,Dado C. Lumibao
797,August Jakobsson
798,Anna Wieczur-Bluszcz
799,Damien O’Connor
800,Richard Laxton
801,Gil Kenan
802,Phil Burgers
803,Pierre Morel
804,Brian Henson
805,Derick Cabrido
806,Marla M. Ancheta
807,Jen McGowan
808,Bernie Denk
809,Brian Skiba
810,Stanley Moore
811,Alex Woo
812,Oliver Bokelberg
813,Ángel Gómez Hernández
814,Ludovico Di Martino
815,Lee Chung-hyun
816,Barry Gonzalez
817,Brian Volk-Weiss
818,Matthew Michael Carnahan
819,Eric Bress
820,Chris Columbus
821,V Vignarajan
822,Greg Rankin
823,TJ Sullivan
824,Carlos Sorín
825,Matt Eskandari
826,Grant Singer
827,Mohammad Adel
828,Debbie Allen
829,Victor Gatonye
830,Stephen Chiodo
831,Monica Floyd
832,Anurag Kashyap
833,Siddique
834,Danish Aslam
835,Vibhu Virender Puri
836,Mike Rohl
837,Shyam Benegal
838,Takeshi Fukunaga
839,Leslie Small
840,Jeff Nichols
841,Justin G. Dyck
842,Cody Cameron
843,Kris Pearn
844,Michael Curtiz
845,Avinash Walzade
846,David E. Talbert
847,Edoardo Ponti
848,Mateo Gil
849,Paul Soriano
850,Ryan Coogler
851,Lucas Santa Ana
852,Carla Barros
853,Ulrike Kofler
854,Kunle Afolayan
855,Weica Wang
856,Aitor Arregi
857,Jon Garaño
858,Jose Mari Goenaga
859,Kevin Pollak
860,Otoja Abit
861,Maxwell McGuire
862,Ruel S. Bayani
863,Martin Wood
864,Narendra Nath
865,Jan-Peter Horns
866,Tatsushi Omori
867,Zeek Earl
868,Christopher Caldwell
869,Michael Kampa
870,Chanda Bell
871,Jennifer Westcott
872,Richard Greenberg
873,Peter Berg
874,Nicolas Pesce
875,Christopher Cain
876,Juliana Vicente
877,Harald Zwart
878,Stacia Crawford
879,Remi Weekes
880,Tope Oshin
881,Terrie Samundra
882,Olivier Marchal
883,Santiago Alvarado Ilarri
884,Frasco Mortiz
885,John Whitesell
886,Nimród Antal
887,Bartosz M. Kowalski
888,Natasha Lyonne
889,Chang Chin-jung
890,Chen Rong-hui
891,Rajkumar Santoshi
892,Lance Daly
893,Unjoo Moon
894,Gil Baroni
895,Glen Keane
896,Chris Sivertson
897,Jarand Herdal
898,Dan Villegas
899,Chris Foggin
900,Kim Nguyen
901,Karen Maine
902,Tim Neeves
903,Ben Wheatley
904,Maroun Baghdadi
905,Philippe Aractingi
906,Amin Dora
907,Rana Eid
908,Daniel Joseph
909,Randa Chahal Sabbag
910,Ziad Doueiri
911,Shady Hanna
912,Josef Fares
913,Sam Fell
914,Chris Butler
915,Ross Boyask
916,David 'Tosh' Gitonga
917,Michael Jones
918,Ti West
919,Manolo Caro
920,Aaron Sorkin
921,Levan Gabriadze
922,Rachel Talalay
923,Sam Liu
924,Peter Mimi
925,Lasja Fauzia Susatyo
926,Kevin Ko
927,Peter Tsi
928,Caroline Suh
929,Ken Ghosh
930,Indra Kumar
931,B. Subhash
932,Harshavardhan Kulkarni
933,Neeraj Vora
934,Puneet Khanna
935,Radha Blank
936,Bigflo & Oli
937,Jérémie Levypon
938,Eduardo Pinto
939,Pavel Kostomarov
940,Mike Elliott
941,Francis Whately
942,Jon Izen
943,Christopher Nolen
944,Alastair Fothergill
945,Jonnie Hughes
946,Keith Scholey
947,Amy Segal
948,Umut Aral
949,Umut Kirca
950,Sudhir Mishra
951,Domenico de Feudis
952,Oz Rodriguez
953,Salvador Espinosa
954,Adrian Teh
955,Brad Silberling
956,Elsa Flores Almaraz
957,Richard J Montoya
958,Carey McKenzie
959,Taika Waititi
960,David LaChapelle
961,Faris Godus
962,Rod Lurie
963,Stacie Passon
964,Florian Schott
965,Tom Whitworth
966,Joe Mantello
967,Page Hurwitz
968,Dallas Jackson
969,Lee Hirsch
970,Rajat Kapoor
971,Abhishek Chaubey
972,Imtiaz Ali
973,Navdeep Singh
974,Anees Bazmee
975,Rikhil Bahadur
976,Shawn Levy
977,Harry Bradbeer
978,Joshua Tickell
979,Rebecca Harrell Tickell
980,Norihisa Hiranuma
981,Shigeaki Kubo
982,Tsuyoshi Nakakuki
983,Yudai Yamaguchi
984,Marwan Hamed
985,Smeep Kang
986,Raja Chanda
987,Tigmanshu Dhulia
988,Akashdeep
989,Rajesh Ganguly
990,Alankrita Shrivastava
991,Chandra Liow
992,Sekhar Kammula
993,Gary Andrews
994,Merawi Gerima
995,Antonio Campos
996,Carles Torras
997,James Watkins
998,Philippa Lowthorpe
999,Chris Howe
1000,Peter Sollett
1001,Tosin Coker
1002,Javier Colinas
1003,Dean DeBlois
1004,Reinhard Klooss
1005,Satish Rajwade
1006,Abhijeet Deshpande
1007,Mahesh Manjrekar
1008,Prakash Kunte
1009,Manish Saini
1010,Kenny Ortega
1011,Makarand Mane
1012,Vijay Maurya
1013,Sameer Patil
1014,Kenzo Maihara
1015,Amandha Wyanto
1016,Ahmed Nader Galal
1017,Arati Kadav
1018,Maïmouna Doucouré
1019,Marcos Carnevale
1020,Jeff Orlowski
1021,Cho Il
1022,Tolga Karaçelik
1023,Philip Barantini
1024,Charlie Kaufman
1025,Abba T. Makama
1026,Junior Carelli
1027,Rudge Campos
1028,Ertanto Robby Soediskam
1029,Mark Steven Johnson
1030,Felix Binder
1031,Thor Freudenthal
1032,Nguyen Thanh Tung
1033,Baltasar Kormákur
1034,Conrad Helten
1035,Ayumu Watanabe
1036,Hitoshi Namba
1037,Chris Miller
1038,Sean Anders
1039,Abbas Mustan
1040,Duncan McMath
1041,Dan Forgione
1042,Pete Jacobs
1043,Matt Whitlock
1044,Francesco Carnesecchi
1045,Greg Tiernan
1046,Mark Thornton
1047,Todd Kauffman
1048,Shamzu Zayba
1049,Jesse V. Johnson
1050,Brett Haley
1051,Chris Roland
1052,Maradona Dias Dos Santos
1053,David Galán Galindo
1054,David Moreton
1055,Lester Hsi
1056,Cyrus Nowrasteh
1057,Isabel Sandoval
1058,Nathan Wiley
1059,Wayne Blair
1060,Atul Sabharwal
1061,Bernardo Arellano
1062,Trish Sie
1063,Hong Won-ki
1064,Khaled Marei
1065,Fred Wolf
1066,Niyi Akinmolayan
1067,Sammaria Sari Simanjuntak
1068,Tom Hooper
1069,Sergei Bodrov
1070,Cory Edwards
1071,Faraday Okoro
1072,Henry Joost
1073,Ariel Schulman
1074,Rebecca Zlotowski
1075,Sharan Sharma
1076,Tyler Spindel
1077,Vicky Wight
1078,Marc Meyers
1079,Franziska Meyer Price
1080,Steven Rinella
1081,Laura Terruso
1082,Martín Sastre
1083,Franck Nataf
1084,Savage Steve Holland
1085,Mike Doyle
1086,Darren Grant
1087,Steve Ball
1088,Joseph Ruben
1089,Colin Minihan
1090,Regina Welker
1091,Nina Wels
1092,Honey Trehan
1093,Katleho Ramaphakela
1094,Rethabile Ramaphakela
1095,Ariel Boles
1096,Álvaro Delgado-Aparicio L.
1097,Venkatesh Maha
1098,Aniedi Anwah
1099,Mickey Fonseca
1100,Matias Mariani
1101,Jan Komasa
1102,Ben Kasulke
1103,Gagan Puri
1104,Teddy Chan
1105,Bhavin Wadia
1106,Tony Bancroft
1107,Scott Christian Sava
1108,Tope Alake
1109,Fernando González Molina
1110,Yuki Tanada
1111,Ahn Byoung-wook
1112,Sibusiso Khuzwayo
1113,Wilson Yip
1114,Dave Skinner
1115,Freddie Waters
1116,Denis Do
1117,Toka McBaror
1118,Tunde Apalowo
1119,Peter Sullivan
1120,Axelle Laffont
1121,Moses Inwang
1122,Daniel Oriahi
1123,Stefano Mordini
1124,Hayden Guppy
1125,André Odendaal
1126,Johan Vorster
1127,Amro Salah
1128,Gina Prince-Bythewood
1129,Wouter Bouvijn
1130,Bryn Evans
1131,Cristina Costantini
1132,Kareem Tabsch
1133,Hannah Fidell
1134,Chris Renaud
1135,Kyle Balda
1136,Coodie
1137,Chike
1138,Sachin Kundalkar
1139,Puri Jagannadh
1140,Vishal Mahadkar
1141,Karan Johar
1142,Zoya Akhtar
1143,Anthony D'Souza
1144,Soumendra Padhi
1145,Fuwad Khan
1146,Nishikant Kamat
1147,Krish
1148,Kabir Sadanand
1149,Rachit Kusonkoonsiri
1150,Shoojit Sircar
1151,Omung Kumar
1152,Umesh Shukla
1153,Devika Bhagat
1154,Takashi Doscher
1155,Shubham Singh
1156,Abbas Alibhai Burmawalla
1157,Mastan Alibhai Burmawalla
1158,Luv Ranjan
1159,Vikas Bahl
1160,Neeraj Pandey
1161,Aanand Rai
1162,Gurmmeet Singh
1163,LP
1164,Rako Prijanto
1165,Raoul Peck
1166,Shirley Frimpong-Manso
1167,Fabio Ock
1168,Joana Mazzucchelli
1169,Sabina Fedeli
1170,Anna Migotto
1171,Kyran Kelly
1172,Salvador Calvo
1173,Cem Yılmaz
1174,Barry Avrich
1175,Bruce Beresford
1176,Michael Duggan
1177,Paul Verhoeven
1178,Younuts!
1179,Obi Emelonye
1180,Daniel Effiong
1181,Rachel Griffiths
1182,David Dobkin
1183,Oluseyi Asurf
1184,Eduardo Roy Jr.
1185,Abhijit Panse
1186,Ravikanth Perepu
1187,Sooraj R. Barjatya
1188,Anvita Dutt
1189,Gaspar Antillo
1190,Eric Notarnicola
1191,Musthafa
1192,Ishaya Bako
1193,Kate Mulleavy
1194,Laura Mulleavy
1195,Akhigbe Ilozobhie
1196,Apurva Dhar Badgaiyann
1197,Elissa Down
1198,Guillaume Pierret
1199,Olivier Assayas
1200,Junichi Sato
1201,Tomotaka Shibayama
1202,Manatsanun Phanlerdwongsakul
1203,Georges Hachem
1204,Peter Lepeniotis
1205,Jim Hosking
1206,Paco Aguilar
1207,Greg McLean
1208,Juan José Campanella
1209,A. Raajdheep
1210,Pidi Baiq
1211,Nicholas Kharkongor
1212,Michael McKay
1213,Kitaro Kosaka
1214,Ali F. Mostafa
1215,Ayman Makram
1216,George Gallo
1217,Ry Russo-Young
1218,Barbara Białowąs
1219,Tomasz Mandes
1220,Akhil Paul
1221,Anas Khan
1222,Kanika Batra
1223,Michael Cristofer
1224,Mohamed Khan
1225,Adriana Trigiani
1226,Phil Sgriccia
1227,Olivier Megaton
1228,Andaç Haznedaroğlu
1229,Murat Kepez
1230,Greta Gerwig
1231,Wael Ehsan
1232,Inas El-Degheidy
1233,Sameh Abdulaziz
1234,Wael Ihsan
1235,Izidore K. Musallam
1236,Sherif Arafa
1237,Yasir Al Yasiri
1238,Safdar Rahman
1239,Tomas Brickhill
1240,Hani Al-Shaibani
1241,Mamoru Hosoda
1242,James Franco
1243,Niall Johnson
1244,Michael Damian
1245,Ahmed Zain
1246,Angshuman Ghosh
1247,Ahmed Zein
1248,Alejandro Montiel
1249,Fernando Frías de la Parra
1250,Madeleine Parry
1251,Yu Yang
1252,Jesse Warn
1253,Josh Safdie
1254,Benny Safdie
1255,Hiromasa Yonebayashi
1256,Yoshiyuki Momose
1257,Akihiko Yamashita
1258,Michael Showalter
1259,Norm Hiscock
1260,Gary Howsam
1261,Mike Smith
1262,John Paul Tremblay
1263,Robb Wells
1264,Almunsif Alsuwaisi
1265,Andrés Feddersen
1266,Samir Al Asfory
1267,Hassan AbdulSalam
1268,Houssam El-Din Mustafa
1269,Muhammad Fadl
1270,Hany Motawie
1271,Lonzo Nzekwe
1272,Alex Timbers
1273,Sam Wrench
1274,Rebecca Johnson
1275,Carlos Morett
1276,Megha Ramaswamy
1277,Saeed Hamed
1278,Ahmed Al-Badry
1279,Ali Ragab
1280,Ahmad El-Badri
1281,Marcus Raboy
1282,Haifaa Al-Mansour
1283,Ekene Som Mekwunye
1284,Mohammed Alhmly
1285,Lucien Bourjeily
1286,Laura Mañá
1287,Sivaroj Kongsakul
1288,Salmeen AlMurry Amer
1289,Mohit Suri
1290,Adekunle Nodash Adejuyigbe
1291,Sadeq Behbehani
1292,Dylan Mohan Gray
1293,Hussein El Ansary
1294,Claire Scanlon
1295,Vipul Amrutlal Shah
1296,Donick Cary
1297,Will Forbes
1298,Francesco Amato
1299,Damien Chazelle
1300,Houda Benyamina
1301,Laïla Marrakchi
1302,Alan Poul
1303,S.A. Zaidi
1304,Hamad AlSarraf
1305,He Xiaofeng
1306,Nadia Hallgren
1307,Joe DeMaio
1308,Aaron Woodley
1309,Lucas Margutti
1310,Ashok Nanda
1311,Hernán Guerschuny
1312,Alex Ranarivelo
1313,Seth Barrish
1314,Brett Hedlund
1315,Joe Robert Cole
1316,Michelle Esrick
1317,Olivier Abbou
1318,Craig Freimond
1319,Shirish Kunder
1320,Mysskin
1321,Alice Wu
1322,Dennie Gordon
1323,Michael M. Scott
1324,Bruno Garotti
1325,Sion Sono
1326,David Chuang
1327,Chen Kuan-chung
1328,Omoni Oboli
1329,Saravana Rajan
1330,Sırrı Süreyya Önder
1331,Sermiyan Midyat
1332,Ahmed Yousry
1333,Hazem Fouda
1334,Handan İpekçi
1335,Ferzan Özpetek
1336,Paul Munger
1337,Matei Dima
1338,Jonathan Augustin
1339,Venky Kudumula
1340,Amr Arafa
1341,Michel Hazanavicius
1342,Ahmed Saleh
1343,Ahmed Medhat
1344,Mohamed Yassin
1345,Chakri Toleti
1346,Neville Shah
1347,Upi Avianto
1348,Yoon Sung-hyun
1349,Patryk Vega
1350,Marc Vigil
1351,Ryan Polito
1352,Anoop Sathyan
1353,Müfit Can Saçıntı
1354,Cüneyt Kaya
1355,Greg Barker
1356,Leticia Jorge Romero
1357,Adrien Lagier
1358,Ousmane Ly
1359,Ethan Coen
1360,Joel Coen
1361,Jon M. Chu
1362,Diego Pignataro
1363,Ian Edelman
1364,Ali Yorgancıoğlu
1365,Digo Ricio
1366,Emcy Joseph
1367,Kranthi Madhav
1368,Matt D'Elia
1369,Jeff Chan
1370,Dean Craig
1371,Grand Corps Malade
1372,Mehdi Idir
1373,Jay Karas
1374,Stefano Lodovichi
1375,Alan Yang
1376,Perci Intalan
1377,M. Night Shyamalan
1378,Chris Robinson
1379,Eddie Mensore
1380,Sean Baker
1381,Padraig Reynolds
1382,Yorgos Lanthimos
1383,Michael Dowse
1384,Armando Iannucci
1385,Haruka Fujita
1386,Mukul Anand
1387,Karan Malhotra
1388,David Batra
1389,Jon Rudberg
1390,Tarun Mansukhani
1391,Ramesh Talwar
1392,Mahesh Bhatt
1393,Raj Khosla
1394,Punit Malhotra
1395,Soham Shah
1396,Nikkhil Advani
1397,Shakun Batra
1398,Prakash Mehra
1399,Anand Ravichandran
1400,Richard Claus
1401,Karsten Kiilerich
1402,Floria Sigismondi
1403,Renzil D'Silva
1404,Fritz Böhm
1405,Ravishankar Venkateswaran
1406,David Hunt
1407,Stephen S. Campanelli
1408,Rakesh Ranjan Kumar
1409,Sam Irvin
1410,Gary Stretch
1411,Desingh Periyasamy
1412,Neeraj Udhwani
1413,Patrice Laliberté
1414,Ellen Page
1415,Ian Daniel
1416,Prentice Penny
1417,Zsolt Pálfi
1418,Nawapol Thamrongrattanarit
1419,Aaron Lieber
1420,Tamas Yvan Topolanszky
1421,Àlex Pastor
1422,David Pastor
1423,Rami Hachache
1424,Gabriela García Rivas
1425,Francesco Lettieri
1426,John Suits
1427,Takeru Nakajima
1428,Yoshiyuki Okada
1429,Malik Nejer
1430,Susan Walter
1431,Masaaki Yuasa
1432,Jeff Tomsic
1433,Scot Armstrong
1434,Naman Nitin Mukesh
1435,Navjot Gulati
1436,Stephanie Zwane
1437,Owen Trevor
1438,Stephanie Turner
1439,Kim Seong-hun
1440,Liz Garbus
1441,Mehmet Ada Öztekin
1442,Jos Humphrey
1443,Ruchi Narain
1444,Christophe Charrier
1445,Stanley Nelson
1446,Daniel Calparsoro
1447,Steve Gukas
1448,Kittiphak Thonguam
1449,Cristi Puiu
1450,Sebastian Jones
1451,Ramez Silyan
1452,Carlos Sedes
1453,Adam B. Stein
1454,Zach Lipovsky
1455,Athiyan Athirai
1456,Zuko Nodada
1457,Madonna
1458,Milton Horowitz
1459,Sneha Taurani
1460,Matthew Ross
1461,Lee Kirk
1462,Ziggy Hofmeyr
1463,Yacine Belhousse
1464,Trivikram Srinivas
1465,Kunihiko Yuyama
1466,Motonori Sakakibara
1467,Ali Kalthami
1468,Meshal Aljaser
1469,Mohamed al Salman
1470,Faisal al Amer
1471,Tolu Awobiyi
1472,Jason Orley
1473,Robert Eagar
1474,Travis Stevens
1475,Mick Grogan
1476,Nora Fingscheidt
1477,Jeethu Joseph
1478,Dee Rees
1479,Sooni Taraporevala
1480,Linda Korsten
1481,Angelina Jolie
1482,R.J. Daniel Hanna
1483,Paco Cabezas
1484,Peter Billingsley
1485,Jason Zada
1486,Richard Phelan
1487,Will Becher
1488,Rod Cabatana Marmol
1489,Michał Tylka
1490,Oliver Kienle
1491,Brian Webber
1492,Takashi Yamazaki
1493,Ryuichi Yagi
1494,Makoto Hanafusa
1495,Pantham Thongsang
1496,Cheewatan Pusitsuksa
1497,Paul Krüger
1498,Anél Stolp
1499,Andrew Dean
1500,Lars Klevberg
1501,Lukasz Kosmicki
1502,Shanavas K. Bavakutty
1503,Kwabena Gyansah
1504,Jeff Baena
1505,Kumaran
1506,Jared Moshé
1507,Austin Peck
1508,Anneliese Vandenberg
1509,James Bamford
1510,Nate Adams
1511,Adam Carolla
1512,Ivan Silvestrini
1513,Robert Krantz
1514,Gregory Jacobs
1515,Alfonso Cortés-Cavanillas
1516,Xavier Manrique
1517,Richard Gabai
1518,Alfons Adetuyi
1519,Thomas Astruc
1520,Erwin van den Eshof
1521,G.J. Echternkamp
1522,Hikari
1523,Jean-Claude Flamand-Barny
1524,Lana Wilson
1525,Shannon Hartman
1526,David Oelhoffen
1527,Ramesh Sippy
1528,Ajay Bhuyan
1529,Josh Z. Weinstein
1530,Joshua Z. Weinstein
1531,Chung Mong-hong
1532,Johnny Breedt
1533,César Rodrigues
1534,Quek Shio-chuan
1535,Pablo Stoll
1536,Juan Pablo Rebella
1537,Krysia Plonka
1538,Madhumita
1539,Debamitra Biswal
1540,David Lynch
1541,Tyler Perry
1542,Caryn Waechter
1543,Tim Hill
1544,Numa Perrier
1545,Brian Helgeland
1546,Danny Boyle
1547,Rima Das
1548,Paco Plaza
1549,Andrew Goth
1550,William Kaufman
1551,David Benioff
1552,D.B. Weiss
1553,Steve Boettcher
1554,Mikhil Musale
1555,Tom Green
1556,David Lowery
1557,Maria Ripoll
1558,Yibrán Asuad
1559,Edwin
1560,Vadim Jean
1561,Mark A.Z. Dippé
1562,Kyung Ho Lee
1563,Eondeok Han
1564,John A. Davis
1565,Tetsuo Yajima
1566,Steve Rash
1567,Ravi Babu
1568,Soumitra Ranade
1569,Jon Rosenbaum
1570,Bruce Leddy
1571,Yuki Yamato
1572,Andrew Wessels
1573,Emir Kusturica
1574,Elisa Fuksas
1575,Lee Toland Krieger
1576,Akiyuki Shinbo
1577,Nobuyuki Takeuchi
1578,Ron Oliver
1579,Shojiro Nishimi
1580,Guillaume Renard
1581,Pepe Bojórquez
1582,Rhys Thomas
1583,David M. Rosenthal
1584,Louise Alston
1585,Sunkanmi Adebayo
1586,Frank Rajah Arase
1587,Fernando Meirelles
1588,Sebastian DiNatale
1589,Nuhash Humayun
1590,Syed Ahmed Shawki
1591,Rahat Rahman
1592,Robiul Alam Robi
1593,Golam Kibria Farooki
1594,Mir Mukarram Hossain
1595,Tanvir Ahsan
1596,Mahmudul Islam
1597,Abdullah Al Noor
1598,Krishnendu Chattopadhyay
1599,Syed Saleh Ahmed Sobhan
1600,Karan Anshuman
1601,Farhan Akhtar
1602,Mrighdeep Singh Lamba
1603,Tsutomu Mizushima
1604,Reema Kagti
1605,Jadesola Osiberu
1606,Vijay Lalwani
1607,Abhishek Kapoor
1608,Michael Bay
1609,Bunmi Ajakaiye
1610,Ding-Lin Wang
1611,Richard van't Riet
1612,Shonali Bose
1613,Lance Bangs
1614,Robbie Countryman
1615,Trey Edward Shults
1616,Sujeeth
1617,Alexandre Avancini
1618,Noah Baumbach
1619,Atsuko Ishizuka
1620,Eric Aghimien
1621,Michel Tikhomiroff
1622,John Schultz
1623,Linda Mendoza
1624,Michelle Johnston
1625,Vijay Kumar Arora
1626,Matt Shakman
1627,Mikhail Red
1628,Pankaj Batra
1629,Navaniat Singh
1630,Gaurav Bavdankar
1631,Jagdeep Sidhu
1632,Tanawat Aiemjinda
1633,Mukesh Vohra
1634,Syrine Boulanouar
1635,Nekfeu
1636,Tudor Giurgiu
1637,Luis Ara
1638,Ignacio Jaunsolo
1639,Abhishek Sharma
1640,Mati Diop
1641,Jérémy Clapin
1642,Mandla Dube
1643,Cheta Chukwu
1644,Roger Russell
1645,Edward Zwick
1646,Basava Shankar Eeday
1647,Elle-Máijá Tailfeathers
1648,Kathleen Hepburn
1649,Sanjiv Jaiswal
1650,Julien Abraham
1651,Monika Mitchell
1652,Eva Orner
1653,KVR Mahendra
1654,Juan Carlos Rulfo
1655,Raj R
1656,Steve Paley
1657,Robb Dipple
1658,Eli Roth
1659,Wash Westmoreland
1660,Alessandro Angulo
1661,Mauro Scandolari
1662,Arjun Jandyala
1663,Shashanka Ghosh
1664,Samit Basu
1665,Naoko Yamada
1666,Sergio Pablos
1667,Valli Bindana
1668,Makoto Shinkai
1669,Gautier & Leduc
1670,Christopher Storer
1671,Luke Snellin
1672,Xavier Durringer
1673,Pawan Kumar
1674,Phillip Youmans
1675,Zhang Yimou
1676,Neal Brennan
1677,Azazel Jacobs
1678,Jung Ji-woo
1679,Matt D'Avella
1680,Parthiban
1681,Scott McAboy
1682,Raymie Muzquiz
1683,Stu Livingston
1684,Stephen Herek
1685,Joe Menendez
1686,Eric Bross
1687,Will Eisenberg
1688,Marina Seresesky
1689,Kenny Leon
1690,Harvey Lowry
1691,James Dearden
1692,Michael A. Nickles
1693,Blayne Weaver
1694,David Michôd
1695,Marco Bonfanti
1696,Rodrigo Guardiola
1697,Gabriel Cruz Rivas
1698,Juani Libonatti
1699,DJ Chen
1700,Park Joon-hwa
1701,Saravana Rajendran
1702,Matt Kay
1703,Craig Brewer
1704,Zak Hilditch
1705,Michael Steiner
1706,Andrew Slater
1707,Glen Goei
1708,Gavin Yap
1709,Huw Cordey
1710,Yuen Woo-ping
1711,Gillian Robespierre
1712,Thomas Vinterberg
1713,Ciarán Foy
1714,Daniel Sánchez Arévalo
1715,Don Omope
1716,Steven Soderbergh
1717,Udai Singh Pawar
1718,Guntur Soeharjanto
1719,Kim Joo-hyung
1720,Louie Psihoyos
1721,Ahmet Katıksız
1722,Jean-François Blais
1723,Leïla Sy
1724,Kery James
1725,Vince Gilligan
1726,Bolanle Austen-Peters
1727,Dennis Rovira van Boekholt
1728,Jenny Gage
1729,Kaila York
1730,Vandana Kataria
1731,Onur Bilgetay
1732,Vincenzo Natali
1733,Tugçe Soysop
1734,Jacob Joice
1735,Luis Javier Henaine
1736,Lee Yoon-jung
1737,Roy Poortmans
1738,Nicholaus Goossen
1739,Stig Bergqvist
1740,Paul Demeyer
1741,Igor Kovalyov
1742,Norton Virgien
1743,Danny Cannon
1744,Mana Yasuda
1745,Gupse Özay
1746,Jim Mickle
1747,Mangesh Hadawale
1748,Wong Kar Wai
1749,Michael J. Bassett
1750,Rahul Ravindran
1751,Archie Borders
1752,Deepti Naval
1753,Scott Aukerman
1754,Mariano Barroso
1755,Kiko Cruz Claverol
1756,Patricia Font
1757,Sandeep Reddy Vanga
1758,Tom Donahue
1759,Michèle Ohayon
1760,Randall Lobb
1761,Alex Stapleton
1762,Teng Huatao
1763,Nzingha Stewart
1764,Anubhav Sinha
1765,Maha Venkatesh
1766,Tharun Bhascker
1767,Farhan Alam
1768,A. L. Vijay
1769,Hayato Date
1770,Petra Costa
1771,Lea Glob
1772,Alejandro Fernández Almendras
1773,Jota Linares
1774,Wagner de Assis
1775,White Trash Tyler
1776,Stan Lathan
1777,Yeung Yat-Tak
1778,Rai Yuvraj Bains
1779,Sunil Thakur
1780,Muh Chen
1781,Saurabh Sinha
1782,Ashwin Saravanan
1783,Julia Knowles
1784,Tarsem Singh
1785,Kepa Sojo
1786,Cho Li
1787,Chen Hung-yi
1788,Liu Bang-yao
1789,Lin Guan-fu
1790,Shen Chi
1791,YC Tom Lee
1792,Manu Ashokan
1793,Anita Udeep
1794,Vlad Yudin
1795,Aadish Keluskar
1796,Joe Murray
1797,Cosmo Segurson
1798,Jesse Moss
1799,Shin Won-ho
1800,Sujoy Ghosh
1801,John Asher
1802,Alex Burunova
1803,Jesús Torres Torres
1804,Vijay Kumar
1805,Phanindra Narsetti
1806,Gideon Raff
1807,Jorge M. Fontana
1808,Olivier Afonso
1809,Jay Chapman
1810,Demetri Martin
1811,Dante Lam
1812,Chi Keung Fung
1813,Corey Yuen
1814,Patrick Leung
1815,To-hoi Kong
1816,Frank Ariza
1817,Jerry Seinfeld
1818,Aditya Sarpotdar
1819,Nisheeta Keni
1820,Daniel Gray Longino
1821,Gerardo Olivares
1822,Wi Ding Ho
1823,Thomas Sieben
1824,Joe Lynch
1825,Spike Jonze
1826,Sittisiri Mongkolsiri
1827,Robbie Grewal
1828,Thiagarajan Kumararaja
1829,Kate Horne
1830,Roberto Girault Facha
1831,Marcos Bucay
1832,Kevin Bray
1833,Jesse Johnson
1834,Miguel Cohan
1835,Luis Alberto Restrepo
1836,Andrés Beltrán
1837,Jaime Rayo
1838,Hideaki Anno
1839,Kazuya Tsurumaki
1840,Abhijit Kokate
1841,Srivinay Salian
1842,Antonin Baudry
1843,Jon Watts
1844,Jakob Lass
1845,Sanjay Jadhav
1846,Vinod Kapri
1847,Kyle Newacheck
1848,Mark Ritchie
1849,Rocky Soraya
1850,Federico Veiroj
1851,Isabel Coixet
1852,Grant Sputore
1853,Laxman Utekar
1854,Juan Antin
1855,Hanno Olderdissen
1856,Amar Kaushik
1857,Eva Trobisch
1858,Mathieu Auvray
1859,Datta Mohan Bhandare
1860,Sanjib Dey
1861,Daniel Yee Heng Chan
1862,Rakeysh Omprakash Mehra
1863,Han Han
1864,Jang Jae-hyun
1865,Sudabeh Mortezai
1866,Richard Shepard
1867,Vasan Bala
1868,Pedring A. Lopez
1869,Francesco Imperato
1870,Stefon Bristol
1871,Kate Melville
1872,Aditya Vikram Sengupta
1873,Mandie Fletcher
1874,Aijaz Khan
1875,Gonzalo López-Gallego
1876,Hepi Mita
1877,Che Sandoval
1878,Jean-Bernard Marlin
1879,Yee Tung-Shing
1880,Yen Cheng-kuo
1881,Frant Gwo
1882,Felipe Cano
1883,Gabriela Tagliavini
1884,Lee Jeong-beom
1885,William Bindley
1886,Manav Shah
1887,Michael Epstein
1888,Rachel Lears
1889,Syamsul Yusof
1890,Mangesh Kanthale
1891,Herman Yau
1892,Dar Gai
1893,Sathyan Anthikad
1894,Bille August
1895,Sarthak Dasgupta
1896,Jennifer Kaytin Robinson
1897,Renato De Maria
1898,Alan Rickman
1899,Ulises Valencia
1900,Richard Curtis
1901,Suparn Verma
1902,Anant Balani
1903,Soukarya Ghosal
1904,Leena Yadav
1905,Amitabha Singh
1906,Hasan Karacadağ
1907,Chris Nelson
1908,Lee Kyoungmi
1909,Yim Pilsung
1910,Jeon Go-woon
1911,Kim Jong-kwan
1912,John R. Leonetti
1913,Rajiv Menon
1914,Jeremiah Jones
1915,Brie Larson
1916,Anggy Umbara
1917,Shelly Chopra Dhar
1918,Shanjey Kumar Perumal
1919,Tianyu Zhao
1920,Shazia Ali Khan
1921,Erik White
1922,Owen Egerton
1923,"Sam ""Blitz"" Bazawule"
1924,Swapnaneel Jayakar
1925,Kyzza Terrazas
1926,John Lee Hancock
1927,Awi Suryadi
1928,Raj Babu
1929,Javier Ruiz Caldera
1930,Chanon Yingyong
1931,Phuwanit Pholdee
1932,Oriol Paulo
1933,Wenn V. Deramas
1934,Joyce Bernal
1935,Maryo J. De los Reyes
1936,Karan Shivajirao Chavan
1937,Vikram Tanajirao Patil
1938,Amy Schumer
1939,Richard Loncraine
1940,Pia Sukanya
1941,Yann Gozlan
1942,Lukas Dhont
1943,Matthew McNeil
1944,Frank W Chen
1945,Olivia M. Lamasan
1946,J.C. Chandor
1947,Ibrahim Bin Mohamed
1948,Hasan Aljaberi
1949,Clark Johnson
1950,Emmanuel Mouret
1951,Conor Allyn
1952,Nuel Naval
1953,Keoni Waxman
1954,Isao Yukisada
1955,Nottapon Boonprakob
1956,Xavier Gens
1957,Jonathan A. Rosenbaum
1958,Franck Phelizon
1959,Peter Howitt
1960,Chiwetel Ejiofor
1961,Rodrigo Salomón
1962,Pietro Scappini
1963,Miguel Ángel Vivas
1964,Carlos Vermut
1965,Sridhar Rangayan
1966,Michael Blieden
1967,Pawan K Shrivastava
1968,Mar Targarona
1969,Aruna Raje
1970,Alex Lehmann
1971,Elisabeth Vogler
1972,Parambrata Chatterjee
1973,Woo Min-ho
1974,Paul Miller
1975,Michael Del Monte
1976,Suseenthiran
1977,Kevin MacDonald
1978,Prasanth Varma
1979,Gangadhar Salimath
1980,Marcelo Galvão
1981,Shanawaz Nellikunnil
1982,Lars Kaalund
1983,Hari Nath
1984,Saket Chaudhary
1985,Tanuja Chandra
1986,Jackie van Beek
1987,Madeleine Sami
1988,Sachin Kamlakar Khot
1989,Daniel Monzón
1990,Tom Stern
1991,Kelly Duane de la Vega
1992,Julio Medem
1993,Johnny Kevorkian
1994,Amshan Kumar
1995,Hsu Chih-yen
1996,Mag Hsu
1997,Rick Morales
1998,Michael D. Black
1999,Dan Gilroy
2000,Mamat Khalid
2001,Nishil Sheth
2002,Byun Hyuk
2003,Zoe Berriatúa
2004,Faozan Rizal
2005,Mansore
2006,Kuntz Agus
2007,Meisa Felaroze
2008,Jerrold Tarog
2009,Laura Alvea
2010,José Ortuño
2011,Gastón Duprat
2012,Andy Caballero
2013,Diego Corsini
2014,Seren Yüce
2015,Jonathan Helpert
2016,André D'Elia
2017,Matías Gueilburt
2018,Hashim Nadeem Khan
2019,Feroz
2020,Syed Atif Ali
2021,Lee Seung-won
2022,Rik Reinholdtsen
2023,Gauravv K Chawla
2024,Hugo Stuven
2025,Greg Pritikin
2026,Kobun Shizuno
2027,Hiroyuki Seshita
2028,Kunal Kohli
2029,Noor Imran Mithu
2030,Nonzee Nimibutr
2031,Ísold Uggadóttir
2032,Genevieve Nnaji
2033,Terry Gilliam
2034,Terry Jones
2035,Yanyong Kuruaungkoul
2036,Lenin Bharathi
2037,Ranjit Jeyakodi
2038,Ram
2039,John Fortenberry
2040,Chris Bould
2041,Kevin Booth
2042,David Johndrow
2043,Walter C. Miller
2044,Noriyuki Abe
2045,Ellen Brown
2046,Matt Askem
2047,Rob Zombie
2048,Álvaro Brechner
2049,Rakesh Mehta
2050,Gonzalo Bendala
2051,Noam Murro
2052,Kheiron
2053,Susanne Bier
2054,Gilbert Chan
2055,Rarecho
2056,Steve Cheng
2057,Sam Loh
2058,Jason Lai
2059,Samit Kakkad
2060,Tig Notaro
2061,Prasobh Vijayan
2062,Sriram Raghavan
2063,Elaine Bogan
2064,John Sanford
2065,Michael Cuesta
2066,David Cronenberg
2067,Thom Zimny
2068,James Marsh
2069,Sean Olson
2070,Sigrid Andrea Bernardo
2071,Manoj Beedha
2072,Alfonso Cuarón
2073,Marco Risi
2074,Anne Fletcher
2075,Andy Serkis
2076,Mat King
2077,Bert Marcus
2078,Ahsan Rahim
2079,Andrew Lau Wai-Keung
2080,Cheang Pou Soi
2081,Katarina Launing
2082,Johnnie To
2083,Lawrence Cheng
2084,Prakash Balwant Saini
2085,Nam Ron
2086,Baljit Singh Deo
2087,Leung Lok Man
2088,Luk Kim-ching
2089,Jazz Boon
2090,Felix Chong
2091,Dhanush
2092,Gary Mak
2093,Liu Jiang
2094,Joseduardo Giordano
2095,Sergio Goyri Jr.
2096,Alice Rohrwacher
2097,Nandita Das
2098,Romain Gavras
2099,Sebastián Hofmann
2100,Denny Lu
2101,Mike Myhre
2102,Clay Kaytis
2103,Fernando Colomo
2104,Robert Vince
2105,Raditya Dika
2106,David Paul Meyer
2107,Leslie Iwerks
2108,Daniel Goldhaber
2109,Fred Cavayé
2110,V C Abhilash
2111,Nila Madhab Panda
2112,Timo Tjahjanto
2113,Nishanth Ravindaran
2114,Jathin Sanker Raj
2115,Swapna Waghmare Joshi
2116,Erik Matti
2117,Vincent Kok
2118,Christian Zübert
2119,David Mackenzie
2120,Tejas Prabha Vijay Deoskar
2121,Matheus Souza
2122,Bradley Walsh
2123,Orson Welles
2124,Morgan Neville
2125,Indrajit Nattoji
2126,Raj Kumar Gupta
2127,Remo D'Souza
2128,Arnab Chaudhuri
2129,Rana Ranbir
2130,Kookie V. Gulati
2131,Vivek Agnihotri
2132,Habib Faisal
2133,Bobby Roth
2134,Halder Gomes
2135,Amitoj Mann
2136,B. Unnikrishnan
2137,Madhur Bhandarkar
2138,Sajid Khan
2139,Saji Surendran
2140,Ksshitij Chaudhary
2141,Sundar C.
2142,Gary Binkow
2143,Nikhil Advani
2144,Navinder Pal Singh
2145,Kunal Deshmukh
2146,R. Kannan
2147,Gaurav Narayanan
2148,Kevin Layne
2149,Jennifer M. Kroot
2150,Akin Omotoso
2151,Dani de la Torre
2152,Aleksey German
2153,Sergio Barrejón
2154,Vijay Yelakanti
2155,Joanna Lombardi
2156,Bruno Ascenzo
2157,Kim Jee-woon
2158,Rajesh Touchriver
2159,David Lam
2160,Thiru
2161,Tom Forrest
2162,Anik Datta
2163,Shaad Ali
2164,Gareth Evans
2165,Paul Urkijo Alijo
2166,Rizal Mantovani
2167,Sara Colangelo
2168,Rusty Cundieff
2169,Darin Scott
2170,Kabir Bhatia
2171,Chris Eigeman
2172,Olaf de Fleur
2173,Tamara Jenkins
2174,Kavi Raz
2175,Nick Simon
2176,Eric Idle
2177,Aubrey Powell
2178,Will Yapp
2179,Terry Hughes
2180,Ian MacNaughton
2181,Roger Graef
2182,James Rogan
2183,Simranjit Singh Hundal
2184,N. Linguswamy
2185,Deep Joshi
2186,Manjeet Maan
2187,Amarpreet G S Chabbra
2188,Paresh Mokashi
2189,Rohit Jugraj
2190,Atharv Baluja
2191,Vishal Bhardwaj
2192,Puneet Sira
2193,Aziz Mirza
2194,Sameer Sharma
2195,Chandan Arora
2196,Rajan Madhav
2197,Raaghav Dar
2198,Ishi Rudell
2199,David Lee Miller
2200,Amit Saxena
2201,Jaivi Dhanda
2202,Suman Ghosh
2203,Kabir Khan
2204,Akshay Akkineni
2205,Nidhi Sharma
2206,Vipin Parashar
2207,Vikram Pradhan
2208,Vijay
2209,Sartaj Singh Pannu
2210,Ayaan Mukherji
2211,Sidharth Malhotra
2212,Saket Behl
2213,Anjum Shahzad
2214,Ken Kwapis
2215,Monique Gardenberg
2216,Han Yan
2217,Jeremy Saulnier
2218,Anthony Byrne
2219,Rashida Jones
2220,Alan Hicks
2221,Ariel Vromen
2222,Nicole Holofcener
2223,Alessio Cremonini
2224,Joram Lürsen
2225,Kevin R. Adams
2226,Joe Ksander
2227,Ian Samuels
2228,Franck Ribière
2229,Peter Ho
2230,Qaushiq Mukherjee
2231,Onir
2232,Jatla Siddartha
2233,Kanwal Sethi
2234,Samuel Jouy
2235,Shivam Nair
2236,A.R. Murugadoss
2237,Jordan Brady
2238,Patrick Graham
2239,Mike Clattenburg
2240,Han Qing
2241,Ashwiny Iyer Tiwari
2242,Atlee Kumar
2243,Ravi Udyawar
2244,R. Balki
2245,Shree Narayan Singh
2246,Manuel Martín Cuenca
2247,Susan Johnson
2248,Y. Joon Chung
2249,Rucha Humnabadkar
2250,Mike Newell
2251,Jake Szymanski
2252,Floyd Russ
2253,Abhishek Varman
2254,Sabir Khan
2255,Nikhil Nagesh Bhat
2256,Xiaoxing Yi
2257,Yoshitaka Takeuchi
2258,Haoling Li
2259,Lauren Miller Rogen
2260,Nitesh Tiwari
2261,Khalid Mohamed
2262,Sanjay Leela Bhansali
2263,Prem Soni
2264,Prabhu Deva
2265,Mandeep Kumar
2266,Jesse Handsher
2267,Olivier Roland
2268,Pablo Giorgelli
2269,Ted Emery
2270,Tony Datis
2271,Raúl Campos
2272,Jan Suter
2273,Ben Young
2274,Chris Jenkins
2275,Scott Zabielski
2276,Diego Cohen
2277,Lee Eung-bok
2278,Jody Hill
2279,Samu Fuentes
2280,Alexandre Espigares
2281,Scott L. Montoya
2282,Sam Voutas
2283,Raj Kaushal
2284,K.C. Bokadia
2285,Samir Soni
2286,Juan Antonio de la Riva
2287,Shlok Sharma
2288,Yayo Herrero
2289,Matt Palmer
2290,Rodrigo Triana
2291,Federico D'Alessandro
2292,Seiji Mizushima
2293,Myriam Aziza
2294,Gerard Barrett
2295,Rene Liu
2296,Jon Olb
2297,Oded Raz
2298,Ramón Salazar
2299,Eduardo Mendoza de Echave
2300,Craig Johnson
2301,Jeffrey Walker
2302,Shadab Khan
2303,Nattawut Poonpiriya
2304,Felix Starck
2305,Norberto López Amado
2306,Alex Richanbach
2307,Brit McAdams
2308,Hayao Miyazaki
2309,Anthony Abrams
2310,Adam Larson Broder
2311,Bobcat Goldthwait
2312,Dani Levy
2313,Sonny Mallhi
2314,Andrew Niccol
2315,Isabelle Nanty
2316,Antonio Morabito
2317,Rene Bueno
2318,John Woo
2319,Patricia Ferreira
2320,Jimmy Henderson
2321,Devashish Makhija
2322,Amal Neerad
2323,Julius R. Nasso
2324,Lucas Figueroa
2325,Alfonso Rodríguez
2326,Dito Montiel
2327,Vicente Villanueva
2328,Amit Roy
2329,Teddy Lussi-Modeste
2330,Ben Shelton
2331,Curro Velázquez
2332,Robert Smigel
2333,Max Amini
2334,Jason Sussberg
2335,David Alvarado
2336,Célia Catunda
2337,Kiko Mistrorigo
2338,Rodrigo Eba
2339,Sang-ho Yeon
2340,Andy Fickman
2341,Olivia Milch
2342,Pedro Coutinho
2343,Joshua Marston
2344,Eleonore Pourriat
2345,Peter Webber
2346,Peter Orton
2347,Marja Lewis Ryan
2348,Ryan Koo
2349,Hatem Khraiche
2350,Derek Peck
2351,Jennifer Morrison
2352,Hèctor Hernández Vicens
2353,Kader Aoun
2354,Abhay Chopra
2355,Diego Lerman
2356,Farah Khan
2357,Ananda Krishnan
2358,Amol Palekar
2359,Joe Miale
2360,Olivia Newman
2361,Jared Stern
2362,Lennart Ruff
2363,Dan Lucchesi
2364,Mijke de Jong
2365,Daryl Hannah
2366,Michael Larnell
2367,Advait Chandan
2368,Brandon Camp
2369,Sunao Katabuchi
2370,Johan Brisinger
2371,Maria Sadowska
2372,Yang Woo-seok
2373,John L. Spencer
2374,Victor Cook
2375,Kazuya Murata
2376,Martin Zandvliet
2377,Paul Solet
2378,Rick Benattar
2379,Robin Aubert
2380,Mitch Gould
2381,Lars Büchel
2382,Amit Barot
2383,Carlo Padial
2384,Milind Dhaimade
2385,Hong-seon Kim
2386,Duncan Jones
2387,Hang-Jun Jang
2388,Fumihiko Sori
2389,Mariano Baez
2390,Stephanie Laing
2391,Anand Tiwari
2392,Roberta Grossman
2393,Sophie Sartain
2394,David Bruckner
2395,Ari Sandel
2396,Julius Onah
2397,Ildiko Enyedi
2398,You-Jeong Chang
2399,Selima Taibi
2400,Marty Callner
2401,Javier Ambrossi
2402,Javier Calvo
2403,David Wain
2404,Isaac Florentine
2405,Scott Moran
2406,Charles Stone III
2407,Matt Angel
2408,Suzanne Coote
2409,Chris Baugh
2410,Latif Faiziyev
2411,Umesh Mehra
2412,Rajiv Mehra
2413,Rhiannon Bannenberg
2414,David Mrnka
2415,Maya Forbes
2416,Milind Rau
2417,Mike Flanagan
2418,Craig Elrod
2419,Yasuhiro Irie
2420,Alethea Jones
2421,Jay Baruchel
2422,Ludovic Bernard
2423,Noël Wells
2424,Patrick Brice
2425,Daniel Kontur
2426,Diego Kaplan
2427,Marco Deufemia
2428,Lydia Tenaglia
2429,Varun Narvekar
2430,Seth Henrikson
2431,Benson Lee
2432,Joel Crawford
2433,Michael Barrett
2434,Evan Spiridellis
2435,Jeff Gill
2436,Leopoldo Aguilar
2437,Nana Ekvtimishvili
2438,Simon Gross
2439,Olivier Jean-Marie
2440,Myles Kane
2441,Josh Koury
2442,Shreyas Talpade
2443,Ibai Abad
2444,Jim Gable
2445,Josh Wakely
2446,Jacob Kornbluth
2447,Alain Desrochers
2448,Go Koga
2449,Christian Charles
2450,Bronwen Hughes
2451,Alo Sarkar
2452,Iñaki Dorronsoro
2453,Ali Bin Matar
2454,Ali Samadi Ahadi
2455,D Ho
2456,Judah Friedlander
2457,Errol Morris
2458,Alex Israel
2459,Griffin Dunne
2460,Katherine Dieckmann
2461,Brian Klein
2462,Jeremy Rush
2463,Reem Kherici
2464,Ranjit Tiwari
2465,David Stubbs
2466,Shakti Samanta
2467,Mahmoud al Massad
2468,Yesim Ustaoglu
2469,Mahmoud Sabbagh
2470,Borja Cobeaga
2471,Brandon Jones
2472,Geun-hyun Cho
2473,Carlos Therón
2474,Karen J. Lloyd
2475,Vibeke Idsøe
2476,Carlos Algara
2477,Alejandro Martinez-Beltran
2478,Ritesh Batra
2479,Nabil Ayouch
2480,Louis J. Horvitz
2481,Warren P. Sonoda
2482,Álex de la Iglesia
2483,Chris Moukarbel
2484,Ana Lily Amirpour
2485,Michael Bonfiglio
2486,Ben Wallis
2487,Fernando Lebrija
2488,Rodrigo Toro
2489,Francisco Schultz
2490,Toshiyuki Kubooka
2491,Todd S. Yellin
2492,Mohammed Hussain
2493,Eli Craig
2494,Shammi Kapoor
2495,Florian Schnell
2496,Thierry Demaizière
2497,Alban Teurlai
2498,Mariano Cohn
2499,Gary Wang
2500,Raz Degan
2501,Israel Adrián Caetano
2502,Sarah Adina Smith
2503,Cate Shortland
2504,Adam Wingard
2505,Daniel Lindsay
2506,T.J. Martin
2507,Tommy Wirkola
2508,Jean-Claude La Marre
2509,Jorge Hernandez Aldana
2510,Will Canon
2511,S.S. Rajamouli
2512,Rob Silvestri
2513,Matthias Hoene
2514,Bryan Fogel
2515,Fabrice Du Welz
2516,John Butler
2517,Ali Scher
2518,Isaac Rentz
2519,Christopher Murray
2520,Claude Lelouch
2521,Jim Strouse
2522,Fazila Allana
2523,Eric Abrams
2524,Agustí Villaronga
2525,Harry Chaskin
2526,Marti Noxon
2527,Stefan Brogren
2528,Pat Healy
2529,Nicolas Brossette
2530,Serdar Akar
2531,Lekh Tandon
2532,Doesjka van Hoogdalem
2533,Sushil Majumdar
2534,Geetu Mohandas
2535,Paulo Oriol
2536,Oskar Santos
2537,Bill D'Elia
2538,Brent Bonacorso
2539,Roy Burdine
2540,Johnny Castuciano
2541,Iginio Straffi
2542,Arun Chidambaram
2543,Caio Cobra
2544,Cal Seville
2545,Michael John Warren
2546,Chang-Min Lee
2547,Oren Uziel
2548,Manika Sharma
2549,Kimo Stamboel
2550,Jun-seong Kim
2551,Edward Cotterill
2552,Onur Tukel
2553,Jayaprakash Radhakrishnan
2554,Rob Meyer
2555,Anita Barbosa
2556,Ketan Mehta
2557,Alberto Rodríguez
2558,Rahul Dholakia
2559,Jean-Patrick Benes
2560,Lygia Barbosa da Silva
2561,Eliane Brum
2562,Kundan Shah
2563,So Yong Kim
2564,Filip Renc
2565,Dylan Bank
2566,Daniel DiMauro
2567,Morgan Pehme
2568,Sean Foley
2569,Pierre Coré
2570,Liz Plonka
2571,Jeff Garlin
2572,Michael Barnett
2573,Jessica Yu
2574,K. Rajagopal
2575,Praveen Nischol
2576,Lucien Jean-Baptiste
2577,Jalil Lespert
2578,Sean Cisterna
2579,Sudhanshu Saria
2580,Dilip Mehta
2581,Isaki Lacuesta
2582,Isa Campo
2583,Evan Katz
2584,Gauri Shinde
2585,Oliver Schmitz
2586,Felix Herngren
2587,Måns Herngren
2588,Fernando Coimbra
2589,Adam Leon
2590,Andrea Molaioli
2591,Marie Madinier
2592,Miguel Ángel Lamata
2593,Steven Brill
2594,Antonio Serrano
2595,Grant S. Johnson
2596,Ippsie Jones
2597,Joe Swanberg
2598,Alexandre Reinecke
2599,Jamal Hill
2600,K. Ramanlal
2601,Maris Curran
2602,Avinash Arun
2603,A. Salaam
2604,Eduardo Casanova
2605,Daniel Burman
2606,Kike Maíllo
2607,Gordon Anderson
2608,Charlie McDowell
2609,Meghan O'Hara
2610,Tommy O'Haver
2611,Lonny Price
2612,Sydney Freeland
2613,Jung-woo Park
2614,James Ivory
2615,Santosh Sivan
2616,Erik Canuel
2617,Peter Middleton
2618,James Spinney
2619,Shashilal K. Nair
2620,Marcel Barrena
2621,Gerard McMurray
2622,Selvamani Selvaraj
2623,Mike Birbiglia
2624,Lô Politi
2625,Tomas Portella
2626,Macon Blair
2627,Juan Pablo Buscarini
2628,Thomas Stuber
2629,Raúl Arévalo
2630,Matías Bize
2631,Michael Paul Stephenson
2632,Colin Dench
2633,Ricky Gervais
2634,Akiva Schaffer
2635,Malik Vitthal
2636,Joaquín Mazón
2637,Jonás Trueba
2638,Peter DeLuise
2639,Alejandra Márquez Abella
2640,Sébastien Betbeder
2641,Adam Randall
2642,Marco Dutra
2643,Mario Rouleau
2644,Aniruddha Roy Chowdhury
2645,Chester Tam
2646,Hannes Stöhr
2647,Andreas Prochaska
2648,Maximilian Erlenwein
2649,Burhan Qurbani
2650,Alistair Legrand
2651,Mir-Jean Bou Chaaya
2652,Jeannie Gaffigan
2653,Babak Anvari
2654,Emily Hagins
2655,Greg Richardson
2656,Uwe Boll
2657,Mitch Schauer
2658,Rohit Mittal
2659,Steve Hickner
2660,Diego Luna
2661,Jorge Michel Grau
2662,Riki Lindhome
2663,Jeremy Konner
2664,Vikram Gandhi
2665,Sean Hanish
2666,Sinan Akkuş
2667,Matt Bell
2668,James Hawes
2669,Elite Zexer
2670,James Yukich
2671,Nic Mathieu
2672,Chris Kelly
2673,Roman Gackowski
2674,Benjamin Dickinson
2675,Sacha Wolff
2676,Adam Nimoy
2677,Elizabeth Wood
2678,Shrihari Sathe
2679,Ralph Macchio
2680,Ricardo Maldonado
2681,Vetrimaaran
2682,Linas Phillips
2683,Jeff Margolis
2684,Bauddhayan Mukherji
2685,María Jose Cuevas
2686,Chris Sparling
2687,Raúl Campos Delgado
2688,Michelle Caputo
2689,Volker Weicker
2690,Manjeet Singh
2691,Lorene Machado
2692,Richard Mears
2693,Heidi Ewing
2694,Rachel Grady
2695,Emilio Martínez Lázaro
2696,Osgood Perkins
2697,Werner Herzog
2698,Julien Rambaldi
2699,Yvan Attal
2700,Benjamin Weill
2701,Roger Gual
2702,Anthony Giordano
2703,Thomas Sorriaux
2704,Clovis Cornillac
2705,Christopher Guest
2706,Jonathan Demme
2707,Dave Higby
2708,Richie Smyth
2709,Riccardo Pilizzeri
2710,Guilherme Fontes
2711,Aamir Bashir
2712,David Schalko
2713,Pieter Kuijpers
2714,Prashant Nair
2715,Paul Taublieb
2716,Jon Freeman
2717,Riccardo Milani
2718,Tony Elliott
2719,Dan Forrer
2720,Christopher Louie
2721,Justin Krook
2722,Michael Drumm
2723,Alex Coletti
2724,Christopher Martin
2725,Tom Whitter
2726,Sian Heder
2727,Karl Mueller
2728,Allan Ungar
2729,Hemant Gaba
2730,Pratim D. Gupta
2731,Sudhish Kamath
2732,Nalan Kumarasamy
2733,Anu Menon
2734,Sandeep Mohan
2735,Rajshree Ojha
2736,Raja Sen
2737,Abhinav Shiv Tiwari
2738,Rob Burnett
2739,Felix Van Groeningen
2740,Felix van Groeningen
2741,Rodolphe Guenoden
2742,Jason Krawczyk
2743,Sophie Robinson
2744,Lotje Sodderland
2745,John Lee
2746,Yuen Wo-Ping
2747,Alik Sakharov
2748,L. Frazier
2749,Frank Coraci
2750,Kristin Hanggi
2751,J. Davis
2752,Jennifer Lee
2753,Patrick Osborne
2754,Lauren MacMullan
2755,John Kahrs
2756,Nathan Greno
2757,Byron Howard
2758,Stevie Wermers
2759,Dean Wellins
2760,Kevin Deters
2761,Roger Allers
2762,Mike Gabriel
2763,Mark Henn
2764,Andrew Bujalski
2765,Adam Dubin
2766,Cary Joji Fukunaga
2767,Aaron Hann
2768,Mario Miscione
2769,Kip Andersen
2770,Keegan Kuhn
2771,Kristina Goolsby
2772,Ashley York
2773,Phil Joanou
2774,Anthony Pierce
2775,Jennifer Phang
2776,Luis Estrada
2777,Mike Fleiss
2778,Aziz Ansari
2779,David Sampliner
2780,Wyatt Cenac
2781,Robert Nixon
2782,Fisher Stevens
2783,Chapman Way
2784,Maclain Way
2785,Greg Whiteley
2786,Jehane Noujaim
2787,Jason Moore
2788,Josh Greenbaum
2789,Will Lovelace
2790,Dylan Southern
2791,Constance Marks
2792,Larry Elikann
2793,Robert Markowitz
2794,Eric Laneuville
2795,Joel Oliansky
2796,Roy Campanella II
2797,Arthur Allan Seidelman
2798,John Herzfeld
2799,Buzz Kulik
2800,Richard Michaels
2801,Linda Otto
2802,Roger Young
2803,Rob LaDuca
2804,Robert C. Ramirez
2805,Icíar Bollaín
2806,Joe Dante
2807,Ole Bornedal
2808,Sorin Dan Mihalcescu
2809,Shane Acker
2810,Kevin Reynolds
2811,Shravan Kumar
2812,Vijay Milton
2813,Santwana Bardoloi
2814,Atanu Ghosh
2815,Michael Kennedy
2816,Óskar Thór Axelsson
2817,Karyn Kusama
2818,Adam Deyoe
2819,Leif Tilden
2820,Sam Upton
2821,Victor Zarcoff
2822,Daniel Stamm
2823,Daniel Lee
2824,Scott Hussion
2825,Seth Fuller
2826,Richard Donner
2827,Burr Steers
2828,David Marmor
2829,Raymond Wood
2830,Hasraf Dulull
2831,Mike Mills
2832,Jon Lucas
2833,Scott Moore
2834,Joey Curtis
2835,Brian Smrz
2836,Nicanor Loreti
2837,Simon Napier-Bell
2838,Betty Thomas
2839,Gaby Dellal
2840,Iman Brotoseno
2841,Hani Hamdi
2842,Ruben Fleischer
2843,Maciej Dejczer
2844,Jack C. Newell
2845,Andrew Nackman
2846,Victor Levin
2847,Peter Segal
2848,Jonathan Levine
2849,Toa Fraser
2850,Bharat Jain
2851,Trent Haaga
2852,Nizar Shafi
2853,Meenu Gaur
2854,Farjad Nabi
2855,Padmakumar Narasimhamurthy
2856,Richard Attenborough
2857,Stanley Kubrick
2858,Stephen Gyllenhaal
2859,Tom Fassaert
2860,Mark Williams
2861,Roman Coppola
2862,Teo Konuralp
2863,Jim Fall
2864,Andy Goddard
2865,Michael Lennox
2866,Kees Van Oostrum
2867,Henry Sarwer-Foner
2868,Ishaan Trivedi
2869,Asghar Farhadi
2870,Maria Burton
2871,Natalie Portman
2872,Martin Lawrence
2873,Adam Shankman
2874,Rusty Nixon
2875,Oliver Daly
2876,Midhun Manuel Thomas
2877,Chandrakant Kulkarni
2878,Uttung Shelar
2879,Seung-uk Jo
2880,Chad Van De Keere
2881,Daniela Goggi
2882,Alfonso Serrano Maturino
2883,Julien Christian Lutz
2884,Julie Taymor
2885,Mike McCoy
2886,Scott Waugh
2887,Brett Donowho
2888,Thierry Donard
2889,Anne Fontaine
2890,Sandeep Chatterjee
2891,Kyle Rideout
2892,Nicolás López
2893,Terry Loane
2894,Alison Klayman
2895,Biswajeet Bora
2896,Castille Landon
2897,Gervasio Iglesias
2898,J. Michael Long
2899,Eva Vives
2900,Don Bluth
2901,Gary Goldman
2902,Dan Kuenster
2903,Víctor García
2904,Charlie Vaughn
2905,Chris Blake
2906,Matthew Hope
2907,Vincent Perez
2908,Lee Tamahori
2909,Richard Rich
2910,Trey Haley
2911,Atul Malhotra
2912,Manmohan Desai
2913,Khaled Youssef
2914,Charlie Siskel
2915,Sam Mendes
2916,Barak Goodman
2917,Mark Zwonitzer
2918,Wilson Coneybeare
2919,Sarik Andreasyan
2920,Tony Kaye
2921,Andrea Arnold
2922,Nick Davis
2923,Mary Harron
2924,Jerry G. Angelo
2925,Asif Kapadia
2926,Phil Nibbelink
2927,Simon Wells
2928,Larry Latham
2929,Perry Lang
2930,Ismail Farouk
2931,Avinash Das
2932,Carlos Marques-Marcet
2933,Tim Blake Nelson
2934,Luis Mandoki
2935,Pan Nalin
2936,Sohail Tatari
2937,Paul Serafini
2938,Juan Zapata
2939,Sherif Ismail
2940,Ken Barbet
2941,Manish Jha
2942,J.F. Musial
2943,Josh Vietze
2944,Christian Desmares
2945,Franck Ekinci
2946,Christopher Chambers
2947,Khaled El Halafawy
2948,Nia Dinata
2949,Jason Winer
2950,Sarah Smith
2951,James L. Brooks
2952,John Murlowski
2953,Sung-soo Kim
2954,Mike Nicoll
2955,Jason Stone
2956,Mez Tharatorn
2957,David Morris
2958,Jacqui Morris
2959,Fabrizio Copano
2960,Augusto Matte
2961,Mike Rossiter
2962,Gabe Ibáñez
2963,Anthony Russo
2964,Joe Russo
2965,Levan Tsikurishvili
2966,Ajay Bahl
2967,Çagan Irmak
2968,Alejandro G. Iñárritu
2969,José Eduardo Belmonte
2970,Adam MacDonald
2971,Dave Patten
2972,Michael Petroni
2973,David Chirchirillo
2974,Salima Koroma
2975,Sumitra Bhave
2976,Sunil Sukthankar
2977,Justin Lee
2978,Phil Weinstein
2979,Haissam Hussain
2980,Zoe Lister-Jones
2981,Aaron Nee
2982,Adam Nee
2983,Tanit Jitnukul
2984,Manop Janjarasskul
2985,Adisorn Tresirikasem
2986,Jordi Llompart
2987,Raja Menon
2988,Adam Wood
2989,Zeke Norton
2990,Andrew Tan
2991,Michael Goguen
2992,William Lau
2993,Ezekiel Norton
2994,Kyle Newman
2995,Esteban Vidal
2996,Dava Whisenant
2997,Hrishikesh Mukherjee
2998,Sagar Sarhadi
2999,Lilibet Foster
3000,Joshua Caldwell
3001,Mel Smith
3002,Mike Judge
3003,Bruce W. Smith
3004,Agasyah Karim
3005,Khalid Kashogi
3006,Julian Jarrold
3007,Katherine Fairfax Wright
3008,Rajeev Chaudhari
3009,Anthony Wonke
3010,April Mullen
3011,Adam Marino
3012,Joe Camp
3013,Ted Braun
3014,Dharmesh Darshan
3015,Sushrut Jain
3016,Majid Majidi
3017,Jasbir Bijendra Bhati
3018,Joey Kern
3019,Scott Martin
3020,Kaspar Astrup Schröder
3021,Nick Broomfield
3022,Stephen Daldry
3023,Vonda Harrell
3024,Daniel Camenisch
3025,Indrasis Acharya
3026,Gajendra Ahire
3027,Viju Mane
3028,Girish Mohite
3029,Ravi Jadhav
3030,Emanuel Hoss-Desmarais
3031,Marianna Palka
3032,Ham Tran
3033,Miguel Conde
3034,Supavitra Babul
3035,Mark Harris
3036,Jesse Gustafson
3037,Martin Hodara
3038,Daniel Alfredson
3039,Ethan Hawke
3040,Ben Younger
3041,Deane Taylor
3042,July Hygreck
3043,Jean-François Richet
3044,Ted Demme
3045,Abdellatif Kechiche
3046,Woody Allen
3047,Lev L. Spiro
3048,Derek Cianfrance
3049,Jeremy Kenyon Lockyer Corbell
3050,Jay Surridge
3051,Elvira Lind
3052,Raj Kapoor
3053,Gabriel Clarke
3054,Torquil Jones
3055,Geoffrey Orthwein
3056,Andrew Sullivan
3057,Chris Williams
3058,Alexandra Dean
3059,Jelle de Jonge
3060,Arthur Penn
3061,Kaizad Gustad
3062,Gary Cohen
3063,Ross Hockrow
3064,Gayane Petrosyan
3065,Richard Sears
3066,Alê Abreu
3067,Chris Stokes
3068,Michael Doneger
3069,Cecilia Peck
3070,Jody Lambert
3071,Simon Baker
3072,Rian Johnson
3073,Robert Adetuyi
3074,Lu Yang
3075,Vivieno Caldinelli
3076,Mike Wiluan
3077,David McCracken
3078,Steve Antin
3079,Lee Chang-dong
3080,Cary Murnion
3081,Jonathan Milott
3082,Daniel Mann
3083,Daniele Thompson
3084,Travis Zariwny
3085,Néstor Sánchez Sotelo
3086,Asim Abbasi
3087,Carlos Bolado
3088,Scott Marshall Smith
3089,Lisa Arnold
3090,Peter Sattler
3091,Harry Elfont
3092,Deborah Kaplan
3093,Bernard Rose
3094,Noushad
3095,Mark O'Connor
3096,Chito S. Roño
3097,Todd Haynes
3098,Brian De Palma
3099,Matt Piedmont
3100,Wong Jing
3101,Richard Brooks
3102,Henrik Martin Dahlsbakken
3103,Shivendra Singh Dungarpur
3104,Nicholas Hytner
3105,Harry Baweja
3106,Aatmaram Dharne
3107,Umer Adil
3108,Arne Birkenstock
3109,Dianne Dreyer
3110,Garin Nugroho
3111,John Curran
3112,Charles A. Nichols
3113,Iwao Takamoto
3114,Jason Kwan
3115,John Scheinfeld
3116,Gurvinder Singh
3117,Binayak Das
3118,Anuranjan Premji
3119,Mark Dindal
3120,Tom Holland
3121,Tan Bing
3122,Bedabrata Pain
3123,Ken Hughes
3124,Atom Egoyan
3125,Andrew Sandler
3126,Corbin Bernsen
3127,Marita Grabiak
3128,Gary Wheeler
3129,Marc Forster
3130,Mohsin Ali
3131,Katia Lund
3132,Pete Travis
3133,Nick Mead
3134,Louis Leterrier
3135,Gregory Hoblit
3136,Eric Stoltz
3137,Jack Starrett
3138,Chris Perkel
3139,John Crowley
3140,Lilly Wachowski
3141,Lana Wachowski
3142,Tom Tykwer
3143,Matt Reeves
3144,Thomas Carter
3145,Vishal Mishra
3146,Saurav Palodhi
3147,Florian Gallenberger
3148,Zack Whedon
3149,Craig Goodwill
3150,Van M. Pham
3151,Gavin Fitzgerald
3152,Stuart Rosenberg
3153,Henry Selick
3154,Jason Bourque
3155,Micah Bickham
3156,Galley Molina
3157,Kranti Kanade
3158,Ang Lee
3159,Don Mancini
3160,Zachary Heinzerling
3161,Chandrakant Kanse
3162,Gary David Goldberg
3163,Steve Carr
3164,Amara Cash
3165,Pablo Parés
3166,Johnson Esthappan
3167,Raj Amit Kumar
3168,Jean-Marc Vallée
3169,Philipp Eichholtz
3170,Brendan Toller
3171,Agnidev Chatterjee
3172,Alexandros Avranas
3173,Gilles Paquet-Brenner
3174,Prawal Raman
3175,Parveen Kumar
3176,Julie Dash
3177,Amman Abbasi
3178,Dylan Haegens
3179,Bas van Teylingen
3180,Jake Paltrow
3181,Tom Edmunds
3182,Tanveer Khan
3183,Danny J. Boyle
3184,Tanuj Bhramar
3185,Jason Priestley
3186,Neil LaBute
3187,Harrison Smith
3188,Clay Porter
3189,Ken Burns
3190,Artemis Joukowsky
3191,Dennis Iliadis
3192,Christian Gudegast
3193,Sam Patton
3194,Mohamed Samy
3195,Christopher Smith
3196,Michael Feifer
3197,Saara Cantell
3198,Clay Staub
3199,Hark Tsui
3200,Ben Ryder
3201,Benoît Jacquot
3202,Chia-Liang Liu
3203,Todd Standing
3204,Benjamin Arfmann
3205,David Lean
3206,Paul Schrader
3207,Philip Marlatt
3208,Charles Martin Smith
3209,Mahin Ibrahim
3210,Austin Kolodney
3211,Will Lowell
3212,David Beier
3213,Dave Dorsey
3214,Xu Zhang
3215,Alana Waksman
3216,Jon YonKondy
3217,Drue Metz
3218,Brandon Somerhalder
3219,Jared Hess
3220,Troy Nixey
3221,Caradog W. James
3222,Daniel Gordon
3223,John Patrick Shanley
3224,Bo Welch
3225,Scott Mosier
3226,Yarrow Cheney
3227,Rob Cohen
3228,Colin Teague
3229,Doug Lefler
3230,Patrik Syversen
3231,Greg MacGillivray
3232,Reiner Holzemer
3233,Afia Nathaniel
3234,Eeshwar Nivas
3235,Emma Hatherley
3236,Dave Green
3237,Anthony Lucero
3238,Will Gluck
3239,Bruce Gowers
3240,Ajithkumar
3241,Harjit Singh
3242,Philipp Stölzl
3243,Bassam Kurdali
3244,Sebastian Gutierrez
3245,Fabien Beziat
3246,Hugues Nancy
3247,Jon Spira
3248,Michael Thelin
3249,Riri Riza
3250,Neil Triffett
3251,Greg Coolidge
3252,Ajay Phansekar
3253,Denis Villeneuve
3254,Jenny Carchman
3255,Jason James
3256,Robert Clouse
3257,Kurt Wimmer
3258,Wojciech Marczewski
3259,Marcelo González
3260,Valeria Golino
3261,Robi Michael
3262,Alex Garland
3263,Stuart Baird
3264,Michael Whitton
3265,Joseph Mbah
3266,Benny Fine
3267,Matt Toronto
3268,Sedat Kirtan
3269,Kubilay Sarikaya
3270,Keith L. Smith
3271,Nagraj Manjule
3272,Shadi Ali
3273,Ian Barber
3274,Norman Jewison
3275,Biyi Bandele
3276,Luke Jurevicius
3277,Ari Levinson
3278,Tony Zierra
3279,James Wong
3280,David R. Ellis
3281,Gianfranco Rosi
3282,Sabal Singh Shekawat
3283,Arthur Muhammad
3284,Nirpal Bhogal
3285,Andrew Renzi
3286,Cheh Chang
3287,Marc Abraham
3288,Gregory Caruso
3289,Kang Cheng
3290,Shan Hua
3291,Asri Bendacha
3292,Dean Wright
3293,Mark Murphy
3294,Richard Miron
3295,Jon Carey
3296,Adam Darke
3297,Fred M. Wilcox
3298,Seth Gordon
3299,Trudie Styler
3300,Marc Levin
3301,Wade Allain-Marcus
3302,Jesse Allain-Marcus
3303,Jude Okwudiafor Johnson
3304,Marcus Nispel
3305,Simon Verhoeven
3306,Mahmoud Karim
3307,Heber Cannon
3308,Le Van Kiet
3309,Adam Del Giudice
3310,Hoyt Yeatman
3311,Fellipe Barbosa
3312,Pavel Parkhomenko
3313,Lucky Kuswandi
3314,Ifa Isfansyah
3315,Rudy Soedjarwo
3316,Hiroshi Katagiri
3317,Manbhavan Singh
3318,P.K. Baaburaaj
3319,David Grossman
3320,Guy Vasilovich
3321,Nicholas Stoller
3322,David Silberg
3323,Rich Ragsdale
3324,Kazuchika Kise
3325,Partho Ghosh
3326,Vincente Minnelli
3327,Charles Walters
3328,Sally Potter
3329,Harold Cronk
3330,Jedd Wider
3331,Todd Wider
3332,Gordon Chan
3333,Michael Mason
3334,Francis Lee
3335,Sam de Jong
3336,Ivan Sen
3337,Mark Landre Gould
3338,Neslihan Yesilyurt
3339,Chris McCoy
3340,Wendy Jo Carlton
3341,Tarek Abdel Moaty
3342,Henrik Ruben Genz
3343,Justin Chon
3344,Robert Altman
3345,Mathieu Kassovitz
3346,Ananth Narayan Mahadevan
3347,Tanuj Chopra
3348,James Woodroffe
3349,Ali Taner Baltacı
3350,Mamoru Oshii
3351,Hideki Futamura
3352,Toshiyuki Kanno
3353,Tomoki Kyoda
3354,Koichi Mashimo
3355,Yasushi Muraki
3356,Daisuke Nishio
3357,Frank O'Connor
3358,Koji Sawai
3359,Joseph Chou
3360,Hiroshi Yamazaki
3361,Ian Kirby
3362,Satish Kaushik
3363,John Irvin
3364,Akram Farouk
3365,Johnny Martin
3366,Tim Van Someren
3367,Joe Dietsch
3368,Louie Gibson
3369,Luis Javier M. Henaine
3370,Robert Osman
3371,Nathanael Wiseman
3372,Ilya Naishuller
3373,Jon Hurwitz
3374,Hayden Schlossberg
3375,Danny Leiner
3376,Daniel Raim
3377,Ron Davis
3378,Justin Bare
3379,Matthew Miele
3380,Brant Sersen
3381,Eddie Martin
3382,Andrew C. Erin
3383,Davis Guggenheim
3384,Quinn Lasher
3385,Elle Callahan
3386,Ana Kokkinos
3387,Kelly Noonan
3388,David Mirkin
3389,Huang Jianming
3390,Tom Gianas
3391,Ross R. Shuman
3392,Christel Gibson
3393,Rod Blackhurst
3394,Timothy Woodward Jr.
3395,Shawn Arranha
3396,Liu Jie
3397,Lucy van Beek
3398,Jennifer Lynch
3399,Vishnu Govindhan
3400,Asim Raza
3401,Neil Armfield
3402,Anthony Scott Burns
3403,Nicholas McCarthy
3404,Adam Egypt Mortimer
3405,Gary Shore
3406,Kevin Kolsch
3407,Dennis Widmyer
3408,Note Chern-Yim
3409,Rakshith Thirthahalli
3410,Bille Woodruff
3411,Mike Disa
3412,Sudip Bandyopadhyay
3413,Brodje Wemboendja
3414,Ayush Raina
3415,Scott Cooper
3416,Michael Polish
3417,Max McGill
3418,Janusz Majewski
3419,Genndy Tartakovsky
3420,Mark Tonderai
3421,Sandy Chronopoulos
3422,Ziga Virc
3423,Tom O'Dell
3424,Ken Marino
3425,Lionel C. Martin
3426,Jocelyn Moorhouse
3427,Amar Gupte
3428,Frank Paur
3429,Raj Kanwar
3430,Drew Casson
3431,Jonathan Mostow
3432,Matt Kugelman
3433,Gabriel Grieco
3434,Benjamin Turner
3435,Gabe Turner
3436,Mary Mazzio
3437,Laura VanZee Taylor
3438,Feng Xiaogang
3439,Chuck Russell
3440,Douglas McGrath
3441,Ken Loach
3442,Steve Race
3443,Brett Harvey
3444,Law Wing-cheong
3445,Sachin
3446,Tony Leondis
3447,Karey Kirkpatrick
3448,Walerian Borowczyk
3449,Taron Lexton
3450,Aytaç Ağırlar
3451,Eric Zaragosa
3452,Suman Mukhopadhyay
3453,Jonathan Baker
3454,Brad Bird
3455,Sanjeev Gupta
3456,John Stewart Muller
3457,Iain Softley
3458,K. Subhash
3459,Eugenio Derbez
3460,Michael Gallagher
3461,Patricia Rozema
3462,John Trengove
3463,Kedar Shinde
3464,Jacob Schwab
3465,Leo Riley
3466,V. K. Prakash
3467,Manish Tiwary
3468,Zatella Beatty
3469,Mathias Malzieu
3470,Stéphane Berla
3471,Stuart Orme
3472,Dustin Nguyen
3473,Azfar Jafri
3474,Gerry Hoban
3475,C. Fitz
3476,Joe Boyd
3477,David Gelb
3478,Andrew Stanton
3479,Ahishor Solomon
3480,Bill Oliver
3481,Toby Haynes
3482,Amardeep Singh Gill
3483,Nora Ephron
3484,Salim Akil
3485,Phil Morrison
3486,Kathryn Bigelow
3487,Sanjay Gupta
3488,Kranti Redkar
3489,Tinnu Anand
3490,Jijo Pancode
3491,Pa. Ranjith
3492,Buta Singh
3493,Gaëtan Brizzi
3494,Paul Brizzi
3495,Joan C. Gratz
3496,Mohammed Saeed Harib
3497,Tomm Moore
3498,Nina Paley
3499,Bill Plympton
3500,Joann Sfar
3501,Michael Socha
3502,Pooja Bhatt
3503,Rupert Jones
3504,Dhilip Kumar
3505,Sai Paranjape
3506,Alphonso J. Wesson
3507,Vineeth Anil
3508,Tim Story
3509,Lori Kaye
3510,Subhash Ghai
3511,Surya S.J.
3512,Sunil Kumar Agrawal
3513,Sudipto Roy
3514,John Stockwell
3515,Steven Gomez
3516,Frédéric Tonolli
3517,Paul Tanter
3518,Attila Till
3519,Paul Katis
3520,Felix Thompson
3521,Jeffrey W. Byrd
3522,Deniz Gamze Ergüven
3523,Woo Ming Jin
3524,Frank Capra
3525,Joris Ivens
3526,Alex Proyas
3527,Jonathan Taylor
3528,Joachim Rønning
3529,Espen Sandberg
3530,Gulzar
3531,Hans Petter Moland
3532,Tilak Shetty
3533,Oliver Blackburn
3534,William H. Macy
3535,Remy Kohli
3536,Stephen Chow
3537,Andrés Couturier
3538,Stanley Tong
3539,Yusuf Pirhasan
3540,Devin Chanda
3541,Samir Karnik
3542,Leandro Mark
3543,Nicolás Silbert
3544,Giulio Base
3545,Alejandro Lozano
3546,Syed Ahmad Afzal
3547,Sopon Sukdapisit
3548,Chris Nahon
3549,R. Ellis Frazier
3550,Jaki Bradley
3551,Kazuaki Kiriya
3552,Massy Tadjedin
3553,Damien Piscarel
3554,Anand Tucker
3555,Roy Allen Smith
3556,Ron Myrick
3557,B.N. Shajeer Sha
3558,Vic Armstrong
3559,Yang Lei
3560,Stephen Murray
3561,Mario Cambi
3562,John Huston
3563,Onur Ünlü
3564,Jenna Laurenzo
3565,Justin McConnell
3566,Kevin Peeples
3567,Alfonso Arau
3568,Karim El Sobky
3569,Hua Shan
3570,Tim Bartley
3571,Robyn Butler
3572,Ira Sachs
3573,Zach Clark
3574,Nick Gomez
3575,Guy Ritchie
3576,Steven Knight
3577,James Mather
3578,Steve Saint Leger
3579,Fernando Sariñana
3580,José Luis Gutiérrez
3581,Michael Anderson
3582,Jakob Verbruggen
3583,Jennifer Baichwal
3584,Nicholas de Pencier
3585,Sze Yu Lau
3586,David Wnendt
3587,Charneice Fox
3588,Saandeep Patel
3589,Steven Fine
3590,Ahmad Samir Farag
3591,Sridhar Jetty
3592,Christian Ditter
3593,Katherine Brooks
3594,Ana Quiroga
3595,Radhika Rao
3596,Vinay Sapru
3597,Prabhuraj
3598,Ticoy Rodriguez
3599,Jayan Vannery
3600,Dylan C. Brown
3601,Debaloy Dey
3602,George Miller
3603,Callie Khouri
3604,Jim Monaco
3605,Chun Wong
3606,Ben Patterson
3607,Aaron Burns
3608,Luc Vinciguerra
3609,Benjamin Ree
3610,Amaan Khan
3611,Li Pei-Chuan
3612,Sameer Vidwans
3613,Michael Winnick
3614,Keanu Reeves
3615,Ben Palmer
3616,Tathagata Banerjee
3617,John Upchurch
3618,Tom O'Brien
3619,Michael Roberts
3620,Rahat Kazmi
3621,Clive Tonge
3622,Pulkit
3623,Everardo Gout
3624,David Raynr
3625,David Batty
3626,Eric Radomski
3627,Shekhar Kapur
3628,Ui-seok Jo
3629,Pablo D'Alo Abba
3630,Sudesh Manjrekar
3631,Atul Kale
3632,Daniel Noah
3633,Philip Yung
3634,Hassan Hegazy
3635,Shady Ali
3636,Bob Hercules
3637,Rita Coburn Whack
3638,Jesús Magaña Vázquez
3639,Nathan Morlando
3640,Mina Shum
3641,Jacek Koprowicz
3642,Binu Ulahhannan
3643,Bob Odenkirk
3644,Shin-yeon Won
3645,Barry Sonnenfeld
3646,John Barnard
3647,Santosh Manjrekar
3648,Bharat Nalluri
3649,Gus Van Sant
3650,Anil Thomas
3651,Gavin O'Connor
3652,Keiichi Hara
3653,Liv Ullmann
3654,Kenny Young
3655,Barbara Kopple
3656,Julia Hart
3657,David Blair
3658,Osman Ali
3659,Anna Boden
3660,Ryan Fleck
3661,Munish Bhardwaj
3662,Ted Geoghegan
3663,William Monahan
3664,Martin Rosete
3665,Brett Ratner
3666,Ahmed El Gendy
3667,Holger Tappe
3668,Steve Sacks
3669,Sylvain Blais
3670,Dustin McKenzie
3671,Victor Dal Chele
3672,Alfred Gimeno
3673,Mike Fetterly
3674,Audu Paden
3675,Barry Jenkins
3676,Antoine Bardou-Jacquet
3677,Jami
3678,Chad Hartigan
3679,Avadhoot Gupte
3680,Suhas Kadav
3681,Will Graham
3682,James Duffy
3683,Jonathan van Tulleken
3684,Elizabeth Banks
3685,Patrik Forsberg
3686,James Gunn
3687,Tomer Heymann
3688,Anthony Chan
3689,Craig Gillespie
3690,Alexandre Heboyan
3691,Benoît Philippon
3692,James Bobin
3693,Lewis Milestone
3694,Carol Reed
3695,Bruce McDonald
3696,Waymon Boone
3697,Dash Shaw
3698,Nathaniel Warsh
3699,Claude Barras
3700,Jayson Thiessen
3701,Siu-hung Chung
3702,John Dower
3703,Nick Cassavetes
3704,Atsajun Sattakovit
3705,Simon Curtis
3706,Sabu Varghese
3707,Dennis Bartok
3708,Heidi Saman
3709,Natalia Valdebenito
3710,Jon Turteltaub
3711,Roman Atwood
3712,Ben Pluimer
3713,Chad L. Scheifele
3714,Josh Webber
3715,Arun Vaidyanathan
3716,Jordana Spiro
3717,Kelly Reichardt
3718,Scott Hicks
3719,Anthony Bell
3720,Tim Maltby
3721,Richard Finn
3722,Rushmore DeNooyer
3723,Martin Gorst
3724,Giulia Clark
3725,Sarah Holt
3726,Terri Randall
3727,Doug Hamilton
3728,Peter Fison
3729,Graham Townsley
3730,Oliver Twinch
3731,Llewellyn M. Smith
3732,Daniel McCabe
3733,Peter Yost
3734,Gail Willumsen
3735,Sacha Gervasi
3736,Lesli Linka Glatter
3737,Peter Pardini
3738,Sam Taylor-Johnson
3739,Lars von Trier
3740,Mat Whitecross
3741,Jacques Perrin
3742,Jacques Cluzaud
3743,Luke Sparke
3744,Nacho G. Velilla
3745,Shawn Crahan
3746,Poj Arnon
3747,Clarence Yiu-leung Fok
3748,Heitor Dhalia
3749,Pradip Kurbah
3750,Charlie Lightening
3751,Simon Rumley
3752,Banjong Pisanthanakun
3753,Morgan Spurlock
3754,Tim Rouhana
3755,Jasmine D'Souza
3756,Nicolas Winding Refn
3757,Bill Guttentag
3758,Michael Ware
3759,Jill Culton
3760,John H. Lee
3761,Logan Kibens
3762,Chia Tang
3763,Kiran Narayanan
3764,Ben C. Lucas
3765,Jayaraj Rajasekharan Nair
3766,Mark Franchetti
3767,Andrew Meier
3768,Adam Collins
3769,Luke Radford
3770,Paul Spurrier
3771,Chandran Narikode
3772,Piti Jaturaphat
3773,Amber Tamblyn
3774,Alex Law
3775,Bhagyaraj
3776,Rebecca Addelman
3777,Oren Peli
3778,Gafoor Y. Elliyaas
3779,Kevin Hooks
3780,Dileep Narayanan
3781,Paritosh Painter
3782,Paul Reubens
3783,Wayne Orr
3784,Mohd Khairul Azri Bin Md Noor
3785,Mark Palansky
3786,J.C. Falcón
3787,C.J. Wallis
3788,James Foley
3789,Tony Stone
3790,Jean-Loup Felicioli
3791,Alain Gagnol
3792,Paween Purikitpanya
3793,Songyos Sugmakanan
3794,Parkpoom Wongpoom
3795,Visute Poolvoralaks
3796,Abhishek Saxena
3797,Bruno Stagnaro
3798,Christophe Honoré
3799,Wim Wenders
3800,Gabe Klinger
3801,Steve McLean
3802,Charlie Haskell
3803,Koichi Sakamoto
3804,James Barr
3805,Ashish R. Shukla
3806,Chris Bell
3807,Josh Alexander
3808,Greg Young
3809,Stephen Cone
3810,Anurag Singh
3811,Luis Prieto
3812,Richard Correll
3813,Hari Viswanath
3814,Manish Gupta
3815,Ding Sheng
3816,Basu Chatterjee
3817,Phil Johnston
3818,Rich Moore
3819,Eric Khoo
3820,Sanjay Dayma
3821,Kim Sung-hoon
3822,Girish Joshi
3823,Amir Mohiuddin
3824,Husam El-Gohari
3825,Nicholas Ray
3826,Michael James Regan
3827,Craig Anderson
3828,John Milius
3829,Amitava Bhattacharya
3830,Marina Willer
3831,Andy Capper
3832,Shamyl Othman
3833,Allen Coulter
3834,René Pérez Joglar
3835,Linda Saffire
3836,Adam Schlesinger
3837,Vijay Jayapal
3838,Andrew Loo
3839,Jani Lachauer
3840,Jakob Schuh
3841,Fernando Frías De La Parra
3842,Jon Avnet
3843,Devaki Singh
3844,Luke Kenny
3845,Amit Rai
3846,Pierfrancesco Diliberto
3847,Nicholas Winter
3848,Sylvester Stallone
3849,Lenny Abrahamson
3850,Matthew Atkinson
3851,Max Lang
3852,Roman Polanski
3853,John Dahl
3854,Jay Chandrasekhar
3855,Atanu Mukherjee
3856,Jeeva
3857,David L. Cunningham
3858,Dharmendra Suresh Desai
3859,Raman Kumar
3860,Hakan Yonat
3861,Michael Seater
3862,Balu Mahendra
3863,Ehtesham Uddin
3864,Kireet Khurana
3865,Sanjay Soorkar
3866,Mohamed Hamdy
3867,Partha Chakraborty
3868,K. Gopinathan
3869,Bruce MacDonald
3870,Gabriel Sabloff
3871,Rajeev Patil
3872,Glenn Miller
3873,Venugopan
3874,Kamal Sahani
3875,V. Scott Balcerek
3876,Raj N. Sippy
3877,Damon Cardasis
3878,Jeffrey G. Hunt
3879,Kevan Peterson
3880,Dino Risi
3881,Keenen Ivory Wayans
3882,Hiroshi Aoyama
3883,Kazumi Fukushima
3884,Jim Stenstrum
3885,Edgar Wright
3886,Wes Craven
3887,Steven Zaillian
3888,Malik Bendjelloul
3889,Jay Chou
3890,Billy Ray
3891,Kasia Uscinska
3892,Susannah Ward
3893,Sam Taplin
3894,Vicky Matthews
3895,Gareth Sacala
3896,Louise Wardle
3897,Kenneth Müller
3898,Michael Patrick King
3899,Max Martini
3900,Krishna Vamshi
3901,Gurudev Bhalla
3902,Samar Khan
3903,Raymond McGrath
3904,Adele K. Thomas
3905,Richard Bailey
3906,Jitendra Tiwari
3907,Pranav Singh
3908,Destin Daniel Cretton
3909,Barney Clay
3910,Adarsh Eshwarappa
3911,Fabio Grassadonia
3912,Antonio Piazza
3913,Vivek Wagh
3914,M.J. Bassett
3915,Anil Sharma
3916,Robert Kouba
3917,Dorian Fernández-Moris
3918,Gregg Bishop
3919,Corey Grant
3920,Ekachai Uekrongtham
3921,Colin Strause
3922,Greg Strause
3923,Leslye Headland
3924,Joe Nussbaum
3925,Billy Bob Thornton
3926,John Maclean
3927,Alex Winter
3928,Fred Olen Ray
3929,Ian MacAllister-McDonald
3930,Nancy Meyers
3931,Julius Avery
3932,David Allensworth
3933,Monière
3934,Sam O'Steen
3935,Dan Harris
3936,Sam Raimi
3937,Peter Ramsey
3938,Rodney Rothman
3939,Bob Persichetti
3940,David Fairhead
3941,Anthony Palmer
3942,Tom McCarthy
3943,Harmony Korine
3944,Storm Saulter
3945,Christopher Ray
3946,Adam Alleca
3947,Ola Flyum
3948,David Hebditch
3949,Akiva Goldsman
3950,Arjun Gourisaria
3951,Moinak Biswas
3952,Chatchai Katenut
3953,Manussa Vorasingha
3954,Tanwarin Sukkhapisit
3955,Jon J. Whelan
3956,Raj B. Shetty
3957,James Sweeney
3958,Rowan Athale
3959,Baz Luhrmann
3960,Andrew Bergman
3961,Afonso Poyart
3962,J.M. Berrios
3963,Stefano Sollima
3964,Chayanop Boonprakob
3965,Zakariya
3966,Benny Fredman
3967,Saul Dibb
3968,Joseph Cross
3969,Kasper Barfoed
3970,Partho Sen-Gupta
3971,Sumit Das
3972,Kevin Phillips
3973,Greg Mottola
3974,Gordon Parks
3975,Bryan Singer
3976,Bruce McCulloch
3977,Matthew Cooke
3978,Anthony Caronna
3979,Alexander Smith
3980,Jamie M. Dagg
3981,Dan Kwan
3982,Daniel Scheinert
3983,Derek Yee
3984,Navneet Behal
3985,Julien Seri
3986,Kevin Lima
3987,Brian Smith
3988,Ryu Jung-woo
3989,John Carchietta
3990,Michael Pressman
3991,Natalia Garagiola
3992,Jevons Au
3993,Zune Kwok
3994,Chow Kwun-wai
3995,Ng Ka-Leung
3996,Wong Fei-Pang
3997,Yann Arthus-Bertrand
3998,Michael Pitiot
3999,Damien Leone
4000,Sukhbir Singh
4001,Dheeraj Berry
4002,Mitzi Vanessa Arreola
4003,Amir Galvan Cervera
4004,Pamela Romanowsky
4005,Geoff Anderson
4006,Esteban Sapir
4007,Jee-woon Kim
4008,Andrew Douglas
4009,Thurop Van Orman
4010,John Rice
4011,Jonathan Sobol
4012,Christian Duguay
4013,André Øvredal
4014,Kurt Voelker
4015,Elliot Hegarty
4016,Brian M. Conley
4017,Nathan Ives
4018,John Ford
4019,Tommy Avallone
4020,Rolfe Kanefsky
4021,Philippe Falardeau
4022,Albert Hughes
4023,Allen Hughes
4024,Olivier Loustau
4025,Richard Kelly
4026,William Brent Bell
4027,Mark Herman
4028,Neil Jordan
4029,Ken Kushner
4030,Nora Twomey
4031,Stacy Title
4032,Graham Phillips
4033,Parker Phillips
4034,Ofir Raul Graizer
4035,Elliot Silverstein
4036,Sean Menard
4037,Jon Gunn
4038,Tarek Al Eryan
4039,Craig Moss
4040,Magdy Al-Hawwary
4041,Antonio Chavarrías
4042,John Stephenson
4043,Michael Buster
4044,Bob Nelson
4045,Ari Folman
4046,Andrew Fleming
4047,Kirk De Micco
4048,Chris Sanders
4049,Marek Piwowski
4050,Jarrad Paul
4051,Andrew Mogel
4052,Satish Manwar
4053,Frank Oz
4054,Tariq Khan
4055,Peter Mortimer
4056,Josh Lowell
4057,Cecilia Atán
4058,Valeria Pivato
4059,Blair Hayes
4060,Bette Gordon
4061,Kieran Darcy-Smith
4062,Robert Berlinger
4063,Paul Andrew Williams
4064,James Ponsoldt
4065,David Leveaux
4066,Michael Samuels
4067,Jenée LaMarque
4068,Coerte Voorhees
4069,John Voorhees
4070,Rodrigo Van Der Put
4071,Hugh WIlson
4072,Meng Hua Ho
4073,Oliver Frampton
4074,Scott Walker
4075,Cody Stokes
4076,Doron Paz
4077,Yoav Paz
4078,Paul Shoulberg
4079,Kasra Farahani
4080,Michel Gondry
4081,Michael G. Kehoe
4082,Mickey Liddell
4083,Paco Arango
4084,Chad Archibald
4085,Mark Columbus
4086,Lauren Hoekstra
4087,Sarah Kruchowski
4088,Ryan Moody
4089,Simon Savelyev
4090,Vanita Shastry
4091,Shadae Lamar Smith
4092,Jeremy David White
4093,Rob W. King
4094,Isaac Ezban
4095,Philip Einstein Lipski
4096,Jørgen Lerdam
4097,Amalie Næsby Fick
4098,Femi Oyeniran
4099,Kalvadour Peterson
4100,Nicky Slimting Walker
4101,Matthew Robinson
4102,Phyllida Lloyd
4103,Robin Swicord
4104,Karen Moncrieff
4105,Alejandro Agresti
4106,Timothy Reckart
4107,Pieter-Jan De Pue
4108,Gillian Armstrong
4109,Mark Craig
4110,Rob Smat
4111,Blake Harris
4112,Chris Bouchard
4113,Brian O'Malley
4114,Robert Aldrich
4115,Fred Durst
4116,Marco Schnabel
4117,Stanisław Różewicz
4118,Johnny To
4119,Robert Tate
4120,John Mikulak
4121,Joshua Brown
4122,Christopher Loren Ewers
4123,Erik Ewers
4124,Park In-je
4125,Grant Heslov
4126,Mads Matthiesen
4127,John Banas
4128,Michael Radford
4129,Carly Stone
4130,Joe Johnston
4131,John Duigan
4132,Ben A. Williams
4133,Mimi Leder
4134,Alan J. Pakula
4135,Stephen Chbosky
4136,Joel Schumacher
4137,Peggy Holmes
4138,Bryan Buckley
4139,Peter Lord
4140,Jeff Newitt
4141,Keerthi
4142,Chan-sang Lim
4143,Brian A. Miller
4144,Martha Coolidge
4145,Ron Clements
4146,John Musker
4147,Na Hyeon
4148,John Papola
4149,Grant Korgan
4150,Brian Niles
4151,Francis Ford Coppola
4152,Kevin Derek
4153,Shaina Allen
4154,Alison MacLean
4155,Steve Barker
4156,Dejan Zečević
4157,Hadi El Bagoury
4158,Lone Scherfig
4159,N.D. Wilson
4160,Curtis Hanson
4161,Christian E. Christiansen
4162,Bruce Robinson
4163,Austin Stark
4164,Kristian Levring
4165,Giancarlo Esposito
4166,William Eubank
4167,Will Eubank
4168,Sunil Soraya
4169,Krzysztof Zanussi
4170,Kyle Patrick Alvarez
4171,Steven R. Monroe
4172,Stephan Rick
4173,Tobe Hooper
4174,Mohammed El-Tahawy
4175,Mohamed Mostafa
4176,Lena Khan
4177,Leanne Gater
4178,Robert Schwentke
4179,Brendan Malloy
4180,David Koepp
4181,Ben Brewer
4182,Alex Brewer
4183,David Briggs
4184,Kevin Donovan
4185,Jean-Pierre Dardenne
4186,Luc Dardenne
4187,Mark Neveldine
4188,Ossama Abu El Atta
4189,Russell Crowe
4190,Jay Russell
4191,Robert Eggers
4192,Kyle Rankin
4193,Emil Ben-Shimon
4194,Laurent Cantet
4195,Michael Apted
4196,Victoria Bromley
4197,George Mendeluk
4198,Peter Foott
4199,Peter Svatek
4200,Saheed Arafath
4201,Charlotte Zwerin
4202,Derek Hui
4203,Raam Reddy
4204,Bin Bunluerit
4205,Benjamin Ross
4206,Stephen Hopkins
4207,Jordan Ross
4208,William Wyler
4209,John Sturges
4210,Li Jun
4211,Steve Loter
4212,Sonny Marler
4213,Beeban Kidron
4214,Michael Cumming
4215,Roger Spottiswoode
4216,Buddhadev Dasgupta
4217,Sukum Maetawanitch
4218,Jeffrey Nachmanoff
4219,Wally Pfister
4220,Richard Bates Jr.
4221,Ron Underwood
4222,Brent Maddock
4223,S.S. Wilson
4224,Adam Smith
4225,Jitender Pawar
4226,Nicholas Zeig-Owens
4227,Tekin Girgin
4228,Henry Hathaway
4229,Preston A. Whitmore II
4230,Hugh Stewart
4231,Roy Boulting
4232,Anthony Veiller
4233,David Soren
4234,Hidetaka Inazuka
4235,Buz Wallick
4236,Gary Young
4237,Benedict Andrews
4238,Paul Feig
4239,Chris Burkard
4240,Jonathan Glazer
4241,Sanjay Patel
4242,Sherif Mandour
4243,Jason Reitman
4244,Pradeep Verma
4245,Mario Van Peebles
4246,Ashu Trikha
4247,Gurinder Chadha
4248,Brandon Dickerson
4249,David L.G. Hughes
4250,Harvey Lilley
4251,Gary Michael Schultz
4252,P.T. Kunju Muhammad
4253,Ganesh Kadam
4254,Kushal Srivastava
4255,Ed Lilly
4256,Bilal Lashari
4257,Param Gill
4258,Rob McKittrick
4259,Marc Francis
4260,Max Pugh
4261,Alex Smith
4262,Andrew J. Smith
4263,Philip G. Atwell
4264,Faraz Haider
4265,John Michael McDonagh
4266,Jack Zagha Kababie
4267,Max Joseph
4268,David Serrano
4269,Jeremiah Zagar
4270,Antoni Krauze
4271,Chi Fat Chan
4272,Ashish R. Mohan
4273,Stephen Donnelly
4274,Olly Reid
4275,Jun Falkenstein
4276,Abel Ferrara
4277,Trevor Ryan
4278,Huang Lei
4279,Josh Mendoza
4280,Marek Kanievska
4281,Paul Raschid
4282,Drew Stone
4283,Milla Harrison-Hansley
4284,Alicky Sussman
4285,Paul Dano
4286,Mel Stuart
4287,Debra Granik
4288,Zach Braff
4289,Theo Davies
4290,Adrian Murray
4291,Bart Freundlich
4292,David Guy Levy
4293,Yasir Nawaz
4294,Lawrence Kasdan
4295,Jovanka Vuckovic
4296,Annie Clark
4297,Roxanne Benjamin
4298,N. Chandra
4299,Abu Bakr Shawky
4300,Christian De Vita
4301,Saratswadee Wongsomphet
4302,Kirati Nakintanon
4303,Mark Risley
4304,James Brown
4305,Ivona Juka
4306,Mu Chu
4307,Mohamed Diab
4308,Chandra Prakash Dwivedi
4309,Majid Al Ansari
4310,Peter Hewitt
4311,Mozez Singh
