user_id,user_name,user_age,user_password
1,briannarobinson,18,V4!8FpfkR+
2,andrew32,21,s9M!@Nbg%S
3,dawn02,37,%cn45UDgce
4,jefferymorgan,46,_IJ8QHx$V3
5,nicholsoneric,62,mI++n3Gqmb
6,garrettflores,50,!18Ts6xG7z
7,andersonjessica,44,H38oOMcH*O
8,figueroarebecca,25,OU9UVHsRT#
9,christopherharper,21,XB1IscHdU+
10,wmckay,41,Fd#0AqGWj!
11,kclark,20,%5K(Ib7B1@
12,jodipacheco,43,3KDz21#$*)
13,samanthacooper,25,^#p4ZrAlF0
14,meganeverett,22,144BzC$%y_
15,kristopher16,19,@l0(qCvI^3
16,cwilliams,44,6d3BFOEk+%
17,leejulia,34,z0M#xnXfh%
18,jennifer63,47,tgzb0S!YL%
19,wdaniel,25,VUT29ljze+
20,lharris,57,dr298Fvi(L
21,maria59,31,u3U7wvKZ&(
22,smiller,34,Ci1PEEwVw^
23,torreslarry,64,(cd4QxwvF(
24,bradley95,43,O$50JFPax5
25,walterwilliams,19,(I2)0XrK(d
26,lmcclure,19,aVkj9Inyk*
27,nicolekline,23,8*Md2$G4sf
28,michael26,27,$cXwFuL@a4
29,ballcharles,19,OnMcQAfm8
30,catherine70,37,aL@2gE3o%l
31,antonio67,30,Xk(VX_dg)0
32,shermanmary,22,7wK&88Lc+@
33,paulking,30,agw97Sgp*c
34,obooker,41,)UR7E8HtN4
35,blackwellcynthia,40,&p(8Dt!ks)
36,evan06,52,$S7D9UCi^n
37,reedjustin,20,$OZGZe3r5D
38,ewright,26,)L&X90Lr27
39,ohogan,40,R)$D0JyqBG
40,catherinebaker,25,L^hrciNv_5
41,zprice,57,+%oHqQfj8)
42,crystal88,62,9YDUK3Put@
43,lopezkim,19,9$CL2ALlAv
44,kathleen38,28,Kl6HF(1Ks_
45,hayesaaron,29,Perie7+4
46,veronicahoffman,30,^s%2CDddFf
47,twilson,39,_3AulxTT7)
48,jonesdenise,30,%uDDawTr05
49,perezscott,59,d6GbafQM+3
50,gibsonmichael,35,$2sDDkYh)V
51,holmestracey,20,+6rTudf+Eu
52,carrphillip,34,(^9kHs$j2*
53,brittneywatkins,42,evlQ2T3H%%
54,pearsoncindy,58,Yt3oBNkoq)
55,mcclurewanda,18,u96FjBQt&W
56,rowedeanna,41,H_9iiIcf%b
57,jbradley,56,P1A*lf9*@1
58,rebekah63,48,_1JXjAflH2
59,jsmith,48,BV_@c1Mx&B
60,manderson,49,+%d7W@1k)U
61,jeffreybrown,57,hRV5PMzD$Q
62,rogerstravis,38,^FH4GVk1jt
63,robertgomez,27,!dZzNFZqR0
64,mooredeborah,18,@7+%TKBn!6
65,john79,23,%15MXugk&z
66,melissapearson,65,kwc^f3Dxh)
67,rosaleskatherine,39,%n+PaP3c38
68,fwilson,40,&6BJXW_H!v
69,hallchristopher,18,#t4NKdhFrb
70,ejohnson,28,_UR6oNprt9
71,vanessa15,57,sP0IWoHtk%
72,umarshall,62,xne5Wzya7
73,timothydaniel,59,$m@mp7OiDJ
74,hsmith,45,^%O&yzFD4v
75,juliefernandez,35,gr2s2NzB_U
76,donald04,29,$0_ENswS8)
77,folson,24,_kwH9DqwnM
78,kristengardner,50,cv3eBznY!H
79,margaretrussell,25,)2Ajso+aJE
80,larsondavid,28,Pcw5P+qF)U
